"Date","AQS_SITE_ID","POC","Daily Mean Pb Concentration","UNITS","DAILY_AQI_VALUE","DAILY_OBS_COUNT","PERCENT_COMPLETE","AQS_PARAMETER_CODE","AQS_PARAMETER_DESC","CSA_CODE","CSA_NAME","CBSA_CODE","CBSA_NAME","STATE_CODE","STATE","COUNTY_CODE","COUNTY","SITE_LATITUDE","SITE_LONGITUDE"
"01/05/1990","17-031-0022","2","0.09","ug/m3 SC",".","1","100.0000","12128","Lead (TSP) STP","176","Chicago-Naperville-Michigan City, IL-IN-WI","16980","Chicago-Naperville-Joliet, IL-IN-WI","17","Illinois","031","Cook","41.687165","-87.539315"
"01/11/1990","17-031-0022","2","0.83","ug/m3 SC",".","1","100.0000","12128","Lead (TSP) STP","176","Chicago-Naperville-Michigan City, IL-IN-WI","16980","Chicago-Naperville-Joliet, IL-IN-WI","17","Illinois","031","Cook","41.687165","-87.539315"
"01/17/1990","17-031-0022","2","0.06","ug/m3 SC",".","1","100.0000","12128","Lead (TSP) STP","176","Chicago-Naperville-Michigan City, IL-IN-WI","16980","Chicago-Naperville-Joliet, IL-IN-WI","17","Illinois","031","Cook","41.687165","-87.539315"
"01/23/1990","17-031-0022","2","0.06","ug/m3 SC",".","1","100.0000","12128","Lead (TSP) STP","176","Chicago-Naperville-Michigan City, IL-IN-WI","16980","Chicago-Naperville-Joliet, IL-IN-WI","17","Illinois","031","Cook","41.687165","-87.539315"
"02/04/1990","17-031-0022","2","0.15","ug/m3 SC",".","1","100.0000","12128","Lead (TSP) STP","176","Chicago-Naperville-Michigan City, IL-IN-WI","16980","Chicago-Naperville-Joliet, IL-IN-WI","17","Illinois","031","Cook","41.687165","-87.539315"
"02/16/1990","17-031-0022","2","0.14","ug/m3 SC",".","1","100.0000","12128","Lead (TSP) STP","176","Chicago-Naperville-Michigan City, IL-IN-WI","16980","Chicago-Naperville-Joliet, IL-IN-WI","17","Illinois","031","Cook","41.687165","-87.539315"
"03/06/1990","17-031-0022","2","0.04","ug/m3 SC",".","1","100.0000","12128","Lead (TSP) STP","176","Chicago-Naperville-Michigan City, IL-IN-WI","16980","Chicago-Naperville-Joliet, IL-IN-WI","17","Illinois","031","Cook","41.687165","-87.539315"
"03/12/1990","17-031-0022","2","0.04","ug/m3 SC",".","1","100.0000","12128","Lead (TSP) STP","176","Chicago-Naperville-Michigan City, IL-IN-WI","16980","Chicago-Naperville-Joliet, IL-IN-WI","17","Illinois","031","Cook","41.687165","-87.539315"
"03/18/1990","17-031-0022","2","0.22","ug/m3 SC",".","1","100.0000","12128","Lead (TSP) STP","176","Chicago-Naperville-Michigan City, IL-IN-WI","16980","Chicago-Naperville-Joliet, IL-IN-WI","17","Illinois","031","Cook","41.687165","-87.539315"
"03/24/1990","17-031-0022","2","0.07","ug/m3 SC",".","1","100.0000","12128","Lead (TSP) STP","176","Chicago-Naperville-Michigan City, IL-IN-WI","16980","Chicago-Naperville-Joliet, IL-IN-WI","17","Illinois","031","Cook","41.687165","-87.539315"
"03/30/1990","17-031-0022","2","0.03","ug/m3 SC",".","1","100.0000","12128","Lead (TSP) STP","176","Chicago-Naperville-Michigan City, IL-IN-WI","16980","Chicago-Naperville-Joliet, IL-IN-WI","17","Illinois","031","Cook","41.687165","-87.539315"
"04/05/1990","17-031-0022","2","0.12","ug/m3 SC",".","1","100.0000","12128","Lead (TSP) STP","176","Chicago-Naperville-Michigan City, IL-IN-WI","16980","Chicago-Naperville-Joliet, IL-IN-WI","17","Illinois","031","Cook","41.687165","-87.539315"
"04/11/1990","17-031-0022","2","0.06","ug/m3 SC",".","1","100.0000","12128","Lead (TSP) STP","176","Chicago-Naperville-Michigan City, IL-IN-WI","16980","Chicago-Naperville-Joliet, IL-IN-WI","17","Illinois","031","Cook","41.687165","-87.539315"
"04/17/1990","17-031-0022","2","0.02","ug/m3 SC",".","1","100.0000","12128","Lead (TSP) STP","176","Chicago-Naperville-Michigan City, IL-IN-WI","16980","Chicago-Naperville-Joliet, IL-IN-WI","17","Illinois","031","Cook","41.687165","-87.539315"
"04/23/1990","17-031-0022","2","0.06","ug/m3 SC",".","1","100.0000","12128","Lead (TSP) STP","176","Chicago-Naperville-Michigan City, IL-IN-WI","16980","Chicago-Naperville-Joliet, IL-IN-WI","17","Illinois","031","Cook","41.687165","-87.539315"
"04/29/1990","17-031-0022","2","0.06","ug/m3 SC",".","1","100.0000","12128","Lead (TSP) STP","176","Chicago-Naperville-Michigan City, IL-IN-WI","16980","Chicago-Naperville-Joliet, IL-IN-WI","17","Illinois","031","Cook","41.687165","-87.539315"
"05/05/1990","17-031-0022","2","0.11","ug/m3 SC",".","1","100.0000","12128","Lead (TSP) STP","176","Chicago-Naperville-Michigan City, IL-IN-WI","16980","Chicago-Naperville-Joliet, IL-IN-WI","17","Illinois","031","Cook","41.687165","-87.539315"
"05/11/1990","17-031-0022","2","0.21","ug/m3 SC",".","1","100.0000","12128","Lead (TSP) STP","176","Chicago-Naperville-Michigan City, IL-IN-WI","16980","Chicago-Naperville-Joliet, IL-IN-WI","17","Illinois","031","Cook","41.687165","-87.539315"
"05/17/1990","17-031-0022","2","0.53","ug/m3 SC",".","1","100.0000","12128","Lead (TSP) STP","176","Chicago-Naperville-Michigan City, IL-IN-WI","16980","Chicago-Naperville-Joliet, IL-IN-WI","17","Illinois","031","Cook","41.687165","-87.539315"
"05/23/1990","17-031-0022","2","0.14","ug/m3 SC",".","1","100.0000","12128","Lead (TSP) STP","176","Chicago-Naperville-Michigan City, IL-IN-WI","16980","Chicago-Naperville-Joliet, IL-IN-WI","17","Illinois","031","Cook","41.687165","-87.539315"
"05/29/1990","17-031-0022","2","0.14","ug/m3 SC",".","1","100.0000","12128","Lead (TSP) STP","176","Chicago-Naperville-Michigan City, IL-IN-WI","16980","Chicago-Naperville-Joliet, IL-IN-WI","17","Illinois","031","Cook","41.687165","-87.539315"
"06/04/1990","17-031-0022","2","0.1","ug/m3 SC",".","1","100.0000","12128","Lead (TSP) STP","176","Chicago-Naperville-Michigan City, IL-IN-WI","16980","Chicago-Naperville-Joliet, IL-IN-WI","17","Illinois","031","Cook","41.687165","-87.539315"
"06/10/1990","17-031-0022","2","0.09","ug/m3 SC",".","1","100.0000","12128","Lead (TSP) STP","176","Chicago-Naperville-Michigan City, IL-IN-WI","16980","Chicago-Naperville-Joliet, IL-IN-WI","17","Illinois","031","Cook","41.687165","-87.539315"
"06/16/1990","17-031-0022","2","0.09","ug/m3 SC",".","1","100.0000","12128","Lead (TSP) STP","176","Chicago-Naperville-Michigan City, IL-IN-WI","16980","Chicago-Naperville-Joliet, IL-IN-WI","17","Illinois","031","Cook","41.687165","-87.539315"
"06/22/1990","17-031-0022","2","0.17","ug/m3 SC",".","1","100.0000","12128","Lead (TSP) STP","176","Chicago-Naperville-Michigan City, IL-IN-WI","16980","Chicago-Naperville-Joliet, IL-IN-WI","17","Illinois","031","Cook","41.687165","-87.539315"
"06/28/1990","17-031-0022","2","0.11","ug/m3 SC",".","1","100.0000","12128","Lead (TSP) STP","176","Chicago-Naperville-Michigan City, IL-IN-WI","16980","Chicago-Naperville-Joliet, IL-IN-WI","17","Illinois","031","Cook","41.687165","-87.539315"
"07/04/1990","17-031-0022","2","0.03","ug/m3 SC",".","1","100.0000","12128","Lead (TSP) STP","176","Chicago-Naperville-Michigan City, IL-IN-WI","16980","Chicago-Naperville-Joliet, IL-IN-WI","17","Illinois","031","Cook","41.687165","-87.539315"
"07/10/1990","17-031-0022","2","0.06","ug/m3 SC",".","1","100.0000","12128","Lead (TSP) STP","176","Chicago-Naperville-Michigan City, IL-IN-WI","16980","Chicago-Naperville-Joliet, IL-IN-WI","17","Illinois","031","Cook","41.687165","-87.539315"
"07/16/1990","17-031-0022","2","0.05","ug/m3 SC",".","1","100.0000","12128","Lead (TSP) STP","176","Chicago-Naperville-Michigan City, IL-IN-WI","16980","Chicago-Naperville-Joliet, IL-IN-WI","17","Illinois","031","Cook","41.687165","-87.539315"
"07/22/1990","17-031-0022","2","0","ug/m3 SC",".","1","100.0000","12128","Lead (TSP) STP","176","Chicago-Naperville-Michigan City, IL-IN-WI","16980","Chicago-Naperville-Joliet, IL-IN-WI","17","Illinois","031","Cook","41.687165","-87.539315"
"07/28/1990","17-031-0022","2","0.02","ug/m3 SC",".","1","100.0000","12128","Lead (TSP) STP","176","Chicago-Naperville-Michigan City, IL-IN-WI","16980","Chicago-Naperville-Joliet, IL-IN-WI","17","Illinois","031","Cook","41.687165","-87.539315"
"08/03/1990","17-031-0022","2","0.05","ug/m3 SC",".","1","100.0000","12128","Lead (TSP) STP","176","Chicago-Naperville-Michigan City, IL-IN-WI","16980","Chicago-Naperville-Joliet, IL-IN-WI","17","Illinois","031","Cook","41.687165","-87.539315"
"08/09/1990","17-031-0022","2","0.17","ug/m3 SC",".","1","100.0000","12128","Lead (TSP) STP","176","Chicago-Naperville-Michigan City, IL-IN-WI","16980","Chicago-Naperville-Joliet, IL-IN-WI","17","Illinois","031","Cook","41.687165","-87.539315"
"08/21/1990","17-031-0022","2","0.02","ug/m3 SC",".","1","100.0000","12128","Lead (TSP) STP","176","Chicago-Naperville-Michigan City, IL-IN-WI","16980","Chicago-Naperville-Joliet, IL-IN-WI","17","Illinois","031","Cook","41.687165","-87.539315"
"08/27/1990","17-031-0022","2","0.1","ug/m3 SC",".","1","100.0000","12128","Lead (TSP) STP","176","Chicago-Naperville-Michigan City, IL-IN-WI","16980","Chicago-Naperville-Joliet, IL-IN-WI","17","Illinois","031","Cook","41.687165","-87.539315"
"09/02/1990","17-031-0022","2","0.09","ug/m3 SC",".","1","100.0000","12128","Lead (TSP) STP","176","Chicago-Naperville-Michigan City, IL-IN-WI","16980","Chicago-Naperville-Joliet, IL-IN-WI","17","Illinois","031","Cook","41.687165","-87.539315"
"09/08/1990","17-031-0022","2","0.08","ug/m3 SC",".","1","100.0000","12128","Lead (TSP) STP","176","Chicago-Naperville-Michigan City, IL-IN-WI","16980","Chicago-Naperville-Joliet, IL-IN-WI","17","Illinois","031","Cook","41.687165","-87.539315"
"09/14/1990","17-031-0022","2","0.12","ug/m3 SC",".","1","100.0000","12128","Lead (TSP) STP","176","Chicago-Naperville-Michigan City, IL-IN-WI","16980","Chicago-Naperville-Joliet, IL-IN-WI","17","Illinois","031","Cook","41.687165","-87.539315"
"09/20/1990","17-031-0022","2","0.04","ug/m3 SC",".","1","100.0000","12128","Lead (TSP) STP","176","Chicago-Naperville-Michigan City, IL-IN-WI","16980","Chicago-Naperville-Joliet, IL-IN-WI","17","Illinois","031","Cook","41.687165","-87.539315"
"09/26/1990","17-031-0022","2","0.09","ug/m3 SC",".","1","100.0000","12128","Lead (TSP) STP","176","Chicago-Naperville-Michigan City, IL-IN-WI","16980","Chicago-Naperville-Joliet, IL-IN-WI","17","Illinois","031","Cook","41.687165","-87.539315"
"10/02/1990","17-031-0022","2","0.13","ug/m3 SC",".","1","100.0000","12128","Lead (TSP) STP","176","Chicago-Naperville-Michigan City, IL-IN-WI","16980","Chicago-Naperville-Joliet, IL-IN-WI","17","Illinois","031","Cook","41.687165","-87.539315"
"10/08/1990","17-031-0022","2","0","ug/m3 SC",".","1","100.0000","12128","Lead (TSP) STP","176","Chicago-Naperville-Michigan City, IL-IN-WI","16980","Chicago-Naperville-Joliet, IL-IN-WI","17","Illinois","031","Cook","41.687165","-87.539315"
"10/14/1990","17-031-0022","2","0.04","ug/m3 SC",".","1","100.0000","12128","Lead (TSP) STP","176","Chicago-Naperville-Michigan City, IL-IN-WI","16980","Chicago-Naperville-Joliet, IL-IN-WI","17","Illinois","031","Cook","41.687165","-87.539315"
"10/20/1990","17-031-0022","2","0.01","ug/m3 SC",".","1","100.0000","12128","Lead (TSP) STP","176","Chicago-Naperville-Michigan City, IL-IN-WI","16980","Chicago-Naperville-Joliet, IL-IN-WI","17","Illinois","031","Cook","41.687165","-87.539315"
"10/26/1990","17-031-0022","2","0.07","ug/m3 SC",".","1","100.0000","12128","Lead (TSP) STP","176","Chicago-Naperville-Michigan City, IL-IN-WI","16980","Chicago-Naperville-Joliet, IL-IN-WI","17","Illinois","031","Cook","41.687165","-87.539315"
"11/01/1990","17-031-0022","2","0.03","ug/m3 SC",".","1","100.0000","12128","Lead (TSP) STP","176","Chicago-Naperville-Michigan City, IL-IN-WI","16980","Chicago-Naperville-Joliet, IL-IN-WI","17","Illinois","031","Cook","41.687165","-87.539315"
"11/07/1990","17-031-0022","2","0.18","ug/m3 SC",".","1","100.0000","12128","Lead (TSP) STP","176","Chicago-Naperville-Michigan City, IL-IN-WI","16980","Chicago-Naperville-Joliet, IL-IN-WI","17","Illinois","031","Cook","41.687165","-87.539315"
"11/13/1990","17-031-0022","2","0.15","ug/m3 SC",".","1","100.0000","12128","Lead (TSP) STP","176","Chicago-Naperville-Michigan City, IL-IN-WI","16980","Chicago-Naperville-Joliet, IL-IN-WI","17","Illinois","031","Cook","41.687165","-87.539315"
"11/19/1990","17-031-0022","2","0.05","ug/m3 SC",".","1","100.0000","12128","Lead (TSP) STP","176","Chicago-Naperville-Michigan City, IL-IN-WI","16980","Chicago-Naperville-Joliet, IL-IN-WI","17","Illinois","031","Cook","41.687165","-87.539315"
"11/25/1990","17-031-0022","2","0.15","ug/m3 SC",".","1","100.0000","12128","Lead (TSP) STP","176","Chicago-Naperville-Michigan City, IL-IN-WI","16980","Chicago-Naperville-Joliet, IL-IN-WI","17","Illinois","031","Cook","41.687165","-87.539315"
"12/07/1990","17-031-0022","2","0.19","ug/m3 SC",".","1","100.0000","12128","Lead (TSP) STP","176","Chicago-Naperville-Michigan City, IL-IN-WI","16980","Chicago-Naperville-Joliet, IL-IN-WI","17","Illinois","031","Cook","41.687165","-87.539315"
"12/13/1990","17-031-0022","2","0.05","ug/m3 SC",".","1","100.0000","12128","Lead (TSP) STP","176","Chicago-Naperville-Michigan City, IL-IN-WI","16980","Chicago-Naperville-Joliet, IL-IN-WI","17","Illinois","031","Cook","41.687165","-87.539315"
"12/19/1990","17-031-0022","2","0.01","ug/m3 SC",".","1","100.0000","12128","Lead (TSP) STP","176","Chicago-Naperville-Michigan City, IL-IN-WI","16980","Chicago-Naperville-Joliet, IL-IN-WI","17","Illinois","031","Cook","41.687165","-87.539315"
"12/25/1990","17-031-0022","2","0.11","ug/m3 SC",".","1","100.0000","12128","Lead (TSP) STP","176","Chicago-Naperville-Michigan City, IL-IN-WI","16980","Chicago-Naperville-Joliet, IL-IN-WI","17","Illinois","031","Cook","41.687165","-87.539315"
"12/31/1990","17-031-0022","2","0.02","ug/m3 SC",".","1","100.0000","12128","Lead (TSP) STP","176","Chicago-Naperville-Michigan City, IL-IN-WI","16980","Chicago-Naperville-Joliet, IL-IN-WI","17","Illinois","031","Cook","41.687165","-87.539315"
"01/05/1990","17-031-0026","1","0.12","ug/m3 SC",".","1","100.0000","12128","Lead (TSP) STP","176","Chicago-Naperville-Michigan City, IL-IN-WI","16980","Chicago-Naperville-Joliet, IL-IN-WI","17","Illinois","031","Cook","41.873720","-87.645326"
"01/11/1990","17-031-0026","1","0.05","ug/m3 SC",".","1","100.0000","12128","Lead (TSP) STP","176","Chicago-Naperville-Michigan City, IL-IN-WI","16980","Chicago-Naperville-Joliet, IL-IN-WI","17","Illinois","031","Cook","41.873720","-87.645326"
"01/17/1990","17-031-0026","1","0.06","ug/m3 SC",".","1","100.0000","12128","Lead (TSP) STP","176","Chicago-Naperville-Michigan City, IL-IN-WI","16980","Chicago-Naperville-Joliet, IL-IN-WI","17","Illinois","031","Cook","41.873720","-87.645326"
"01/23/1990","17-031-0026","1","0.08","ug/m3 SC",".","1","100.0000","12128","Lead (TSP) STP","176","Chicago-Naperville-Michigan City, IL-IN-WI","16980","Chicago-Naperville-Joliet, IL-IN-WI","17","Illinois","031","Cook","41.873720","-87.645326"
"01/29/1990","17-031-0026","1","0.23","ug/m3 SC",".","1","100.0000","12128","Lead (TSP) STP","176","Chicago-Naperville-Michigan City, IL-IN-WI","16980","Chicago-Naperville-Joliet, IL-IN-WI","17","Illinois","031","Cook","41.873720","-87.645326"
"02/04/1990","17-031-0026","1","0.04","ug/m3 SC",".","1","100.0000","12128","Lead (TSP) STP","176","Chicago-Naperville-Michigan City, IL-IN-WI","16980","Chicago-Naperville-Joliet, IL-IN-WI","17","Illinois","031","Cook","41.873720","-87.645326"
"02/10/1990","17-031-0026","1","0.04","ug/m3 SC",".","1","100.0000","12128","Lead (TSP) STP","176","Chicago-Naperville-Michigan City, IL-IN-WI","16980","Chicago-Naperville-Joliet, IL-IN-WI","17","Illinois","031","Cook","41.873720","-87.645326"
"02/16/1990","17-031-0026","1","0.01","ug/m3 SC",".","1","100.0000","12128","Lead (TSP) STP","176","Chicago-Naperville-Michigan City, IL-IN-WI","16980","Chicago-Naperville-Joliet, IL-IN-WI","17","Illinois","031","Cook","41.873720","-87.645326"
"02/22/1990","17-031-0026","1","0.05","ug/m3 SC",".","1","100.0000","12128","Lead (TSP) STP","176","Chicago-Naperville-Michigan City, IL-IN-WI","16980","Chicago-Naperville-Joliet, IL-IN-WI","17","Illinois","031","Cook","41.873720","-87.645326"
"02/28/1990","17-031-0026","1","0.09","ug/m3 SC",".","1","100.0000","12128","Lead (TSP) STP","176","Chicago-Naperville-Michigan City, IL-IN-WI","16980","Chicago-Naperville-Joliet, IL-IN-WI","17","Illinois","031","Cook","41.873720","-87.645326"
"03/06/1990","17-031-0026","1","0.04","ug/m3 SC",".","1","100.0000","12128","Lead (TSP) STP","176","Chicago-Naperville-Michigan City, IL-IN-WI","16980","Chicago-Naperville-Joliet, IL-IN-WI","17","Illinois","031","Cook","41.873720","-87.645326"
"03/12/1990","17-031-0026","1","0.22","ug/m3 SC",".","1","100.0000","12128","Lead (TSP) STP","176","Chicago-Naperville-Michigan City, IL-IN-WI","16980","Chicago-Naperville-Joliet, IL-IN-WI","17","Illinois","031","Cook","41.873720","-87.645326"
"03/18/1990","17-031-0026","1","0.05","ug/m3 SC",".","1","100.0000","12128","Lead (TSP) STP","176","Chicago-Naperville-Michigan City, IL-IN-WI","16980","Chicago-Naperville-Joliet, IL-IN-WI","17","Illinois","031","Cook","41.873720","-87.645326"
"03/24/1990","17-031-0026","1","0.04","ug/m3 SC",".","1","100.0000","12128","Lead (TSP) STP","176","Chicago-Naperville-Michigan City, IL-IN-WI","16980","Chicago-Naperville-Joliet, IL-IN-WI","17","Illinois","031","Cook","41.873720","-87.645326"
"03/30/1990","17-031-0026","1","0.05","ug/m3 SC",".","1","100.0000","12128","Lead (TSP) STP","176","Chicago-Naperville-Michigan City, IL-IN-WI","16980","Chicago-Naperville-Joliet, IL-IN-WI","17","Illinois","031","Cook","41.873720","-87.645326"
"04/05/1990","17-031-0026","1","0.39","ug/m3 SC",".","1","100.0000","12128","Lead (TSP) STP","176","Chicago-Naperville-Michigan City, IL-IN-WI","16980","Chicago-Naperville-Joliet, IL-IN-WI","17","Illinois","031","Cook","41.873720","-87.645326"
"04/11/1990","17-031-0026","1","0.05","ug/m3 SC",".","1","100.0000","12128","Lead (TSP) STP","176","Chicago-Naperville-Michigan City, IL-IN-WI","16980","Chicago-Naperville-Joliet, IL-IN-WI","17","Illinois","031","Cook","41.873720","-87.645326"
"04/17/1990","17-031-0026","1","0.07","ug/m3 SC",".","1","100.0000","12128","Lead (TSP) STP","176","Chicago-Naperville-Michigan City, IL-IN-WI","16980","Chicago-Naperville-Joliet, IL-IN-WI","17","Illinois","031","Cook","41.873720","-87.645326"
"04/23/1990","17-031-0026","1","0.12","ug/m3 SC",".","1","100.0000","12128","Lead (TSP) STP","176","Chicago-Naperville-Michigan City, IL-IN-WI","16980","Chicago-Naperville-Joliet, IL-IN-WI","17","Illinois","031","Cook","41.873720","-87.645326"
"05/05/1990","17-031-0026","1","0.09","ug/m3 SC",".","1","100.0000","12128","Lead (TSP) STP","176","Chicago-Naperville-Michigan City, IL-IN-WI","16980","Chicago-Naperville-Joliet, IL-IN-WI","17","Illinois","031","Cook","41.873720","-87.645326"
"05/11/1990","17-031-0026","1","0.04","ug/m3 SC",".","1","100.0000","12128","Lead (TSP) STP","176","Chicago-Naperville-Michigan City, IL-IN-WI","16980","Chicago-Naperville-Joliet, IL-IN-WI","17","Illinois","031","Cook","41.873720","-87.645326"
"05/17/1990","17-031-0026","1","0.04","ug/m3 SC",".","1","100.0000","12128","Lead (TSP) STP","176","Chicago-Naperville-Michigan City, IL-IN-WI","16980","Chicago-Naperville-Joliet, IL-IN-WI","17","Illinois","031","Cook","41.873720","-87.645326"
"05/29/1990","17-031-0026","1","0.04","ug/m3 SC",".","1","100.0000","12128","Lead (TSP) STP","176","Chicago-Naperville-Michigan City, IL-IN-WI","16980","Chicago-Naperville-Joliet, IL-IN-WI","17","Illinois","031","Cook","41.873720","-87.645326"
"06/04/1990","17-031-0026","1","0.03","ug/m3 SC",".","1","100.0000","12128","Lead (TSP) STP","176","Chicago-Naperville-Michigan City, IL-IN-WI","16980","Chicago-Naperville-Joliet, IL-IN-WI","17","Illinois","031","Cook","41.873720","-87.645326"
"06/10/1990","17-031-0026","1","0.01","ug/m3 SC",".","1","100.0000","12128","Lead (TSP) STP","176","Chicago-Naperville-Michigan City, IL-IN-WI","16980","Chicago-Naperville-Joliet, IL-IN-WI","17","Illinois","031","Cook","41.873720","-87.645326"
"06/16/1990","17-031-0026","1","0.13","ug/m3 SC",".","1","100.0000","12128","Lead (TSP) STP","176","Chicago-Naperville-Michigan City, IL-IN-WI","16980","Chicago-Naperville-Joliet, IL-IN-WI","17","Illinois","031","Cook","41.873720","-87.645326"
"06/22/1990","17-031-0026","1","0.1","ug/m3 SC",".","1","100.0000","12128","Lead (TSP) STP","176","Chicago-Naperville-Michigan City, IL-IN-WI","16980","Chicago-Naperville-Joliet, IL-IN-WI","17","Illinois","031","Cook","41.873720","-87.645326"
"06/28/1990","17-031-0026","1","0.13","ug/m3 SC",".","1","100.0000","12128","Lead (TSP) STP","176","Chicago-Naperville-Michigan City, IL-IN-WI","16980","Chicago-Naperville-Joliet, IL-IN-WI","17","Illinois","031","Cook","41.873720","-87.645326"
"07/10/1990","17-031-0026","1","0.06","ug/m3 SC",".","1","100.0000","12128","Lead (TSP) STP","176","Chicago-Naperville-Michigan City, IL-IN-WI","16980","Chicago-Naperville-Joliet, IL-IN-WI","17","Illinois","031","Cook","41.873720","-87.645326"
"07/16/1990","17-031-0026","1","0.06","ug/m3 SC",".","1","100.0000","12128","Lead (TSP) STP","176","Chicago-Naperville-Michigan City, IL-IN-WI","16980","Chicago-Naperville-Joliet, IL-IN-WI","17","Illinois","031","Cook","41.873720","-87.645326"
"07/22/1990","17-031-0026","1","0.01","ug/m3 SC",".","1","100.0000","12128","Lead (TSP) STP","176","Chicago-Naperville-Michigan City, IL-IN-WI","16980","Chicago-Naperville-Joliet, IL-IN-WI","17","Illinois","031","Cook","41.873720","-87.645326"
"07/28/1990","17-031-0026","1","0.07","ug/m3 SC",".","1","100.0000","12128","Lead (TSP) STP","176","Chicago-Naperville-Michigan City, IL-IN-WI","16980","Chicago-Naperville-Joliet, IL-IN-WI","17","Illinois","031","Cook","41.873720","-87.645326"
"08/03/1990","17-031-0026","1","0.08","ug/m3 SC",".","1","100.0000","12128","Lead (TSP) STP","176","Chicago-Naperville-Michigan City, IL-IN-WI","16980","Chicago-Naperville-Joliet, IL-IN-WI","17","Illinois","031","Cook","41.873720","-87.645326"
"08/09/1990","17-031-0026","1","0.06","ug/m3 SC",".","1","100.0000","12128","Lead (TSP) STP","176","Chicago-Naperville-Michigan City, IL-IN-WI","16980","Chicago-Naperville-Joliet, IL-IN-WI","17","Illinois","031","Cook","41.873720","-87.645326"
"08/15/1990","17-031-0026","1","0.08","ug/m3 SC",".","1","100.0000","12128","Lead (TSP) STP","176","Chicago-Naperville-Michigan City, IL-IN-WI","16980","Chicago-Naperville-Joliet, IL-IN-WI","17","Illinois","031","Cook","41.873720","-87.645326"
"08/21/1990","17-031-0026","1","0.08","ug/m3 SC",".","1","100.0000","12128","Lead (TSP) STP","176","Chicago-Naperville-Michigan City, IL-IN-WI","16980","Chicago-Naperville-Joliet, IL-IN-WI","17","Illinois","031","Cook","41.873720","-87.645326"
"08/27/1990","17-031-0026","1","0.18","ug/m3 SC",".","1","100.0000","12128","Lead (TSP) STP","176","Chicago-Naperville-Michigan City, IL-IN-WI","16980","Chicago-Naperville-Joliet, IL-IN-WI","17","Illinois","031","Cook","41.873720","-87.645326"
"09/02/1990","17-031-0026","1","0.01","ug/m3 SC",".","1","100.0000","12128","Lead (TSP) STP","176","Chicago-Naperville-Michigan City, IL-IN-WI","16980","Chicago-Naperville-Joliet, IL-IN-WI","17","Illinois","031","Cook","41.873720","-87.645326"
"09/08/1990","17-031-0026","1","0.01","ug/m3 SC",".","1","100.0000","12128","Lead (TSP) STP","176","Chicago-Naperville-Michigan City, IL-IN-WI","16980","Chicago-Naperville-Joliet, IL-IN-WI","17","Illinois","031","Cook","41.873720","-87.645326"
"09/14/1990","17-031-0026","1","0.01","ug/m3 SC",".","1","100.0000","12128","Lead (TSP) STP","176","Chicago-Naperville-Michigan City, IL-IN-WI","16980","Chicago-Naperville-Joliet, IL-IN-WI","17","Illinois","031","Cook","41.873720","-87.645326"
"09/20/1990","17-031-0026","1","0.01","ug/m3 SC",".","1","100.0000","12128","Lead (TSP) STP","176","Chicago-Naperville-Michigan City, IL-IN-WI","16980","Chicago-Naperville-Joliet, IL-IN-WI","17","Illinois","031","Cook","41.873720","-87.645326"
"10/02/1990","17-031-0026","1","0.2","ug/m3 SC",".","1","100.0000","12128","Lead (TSP) STP","176","Chicago-Naperville-Michigan City, IL-IN-WI","16980","Chicago-Naperville-Joliet, IL-IN-WI","17","Illinois","031","Cook","41.873720","-87.645326"
"10/08/1990","17-031-0026","1","0.03","ug/m3 SC",".","1","100.0000","12128","Lead (TSP) STP","176","Chicago-Naperville-Michigan City, IL-IN-WI","16980","Chicago-Naperville-Joliet, IL-IN-WI","17","Illinois","031","Cook","41.873720","-87.645326"
"10/14/1990","17-031-0026","1","0.06","ug/m3 SC",".","1","100.0000","12128","Lead (TSP) STP","176","Chicago-Naperville-Michigan City, IL-IN-WI","16980","Chicago-Naperville-Joliet, IL-IN-WI","17","Illinois","031","Cook","41.873720","-87.645326"
"10/20/1990","17-031-0026","1","0.09","ug/m3 SC",".","1","100.0000","12128","Lead (TSP) STP","176","Chicago-Naperville-Michigan City, IL-IN-WI","16980","Chicago-Naperville-Joliet, IL-IN-WI","17","Illinois","031","Cook","41.873720","-87.645326"
"10/26/1990","17-031-0026","1","0.22","ug/m3 SC",".","1","100.0000","12128","Lead (TSP) STP","176","Chicago-Naperville-Michigan City, IL-IN-WI","16980","Chicago-Naperville-Joliet, IL-IN-WI","17","Illinois","031","Cook","41.873720","-87.645326"
"11/01/1990","17-031-0026","1","0.56","ug/m3 SC",".","1","100.0000","12128","Lead (TSP) STP","176","Chicago-Naperville-Michigan City, IL-IN-WI","16980","Chicago-Naperville-Joliet, IL-IN-WI","17","Illinois","031","Cook","41.873720","-87.645326"
"11/07/1990","17-031-0026","1","0.06","ug/m3 SC",".","1","100.0000","12128","Lead (TSP) STP","176","Chicago-Naperville-Michigan City, IL-IN-WI","16980","Chicago-Naperville-Joliet, IL-IN-WI","17","Illinois","031","Cook","41.873720","-87.645326"
"11/13/1990","17-031-0026","1","0.1","ug/m3 SC",".","1","100.0000","12128","Lead (TSP) STP","176","Chicago-Naperville-Michigan City, IL-IN-WI","16980","Chicago-Naperville-Joliet, IL-IN-WI","17","Illinois","031","Cook","41.873720","-87.645326"
"11/19/1990","17-031-0026","1","0.21","ug/m3 SC",".","1","100.0000","12128","Lead (TSP) STP","176","Chicago-Naperville-Michigan City, IL-IN-WI","16980","Chicago-Naperville-Joliet, IL-IN-WI","17","Illinois","031","Cook","41.873720","-87.645326"
"11/25/1990","17-031-0026","1","0.01","ug/m3 SC",".","1","100.0000","12128","Lead (TSP) STP","176","Chicago-Naperville-Michigan City, IL-IN-WI","16980","Chicago-Naperville-Joliet, IL-IN-WI","17","Illinois","031","Cook","41.873720","-87.645326"
"12/01/1990","17-031-0026","1","0.06","ug/m3 SC",".","1","100.0000","12128","Lead (TSP) STP","176","Chicago-Naperville-Michigan City, IL-IN-WI","16980","Chicago-Naperville-Joliet, IL-IN-WI","17","Illinois","031","Cook","41.873720","-87.645326"
"12/07/1990","17-031-0026","1","0.08","ug/m3 SC",".","1","100.0000","12128","Lead (TSP) STP","176","Chicago-Naperville-Michigan City, IL-IN-WI","16980","Chicago-Naperville-Joliet, IL-IN-WI","17","Illinois","031","Cook","41.873720","-87.645326"
"12/13/1990","17-031-0026","1","0.06","ug/m3 SC",".","1","100.0000","12128","Lead (TSP) STP","176","Chicago-Naperville-Michigan City, IL-IN-WI","16980","Chicago-Naperville-Joliet, IL-IN-WI","17","Illinois","031","Cook","41.873720","-87.645326"
"12/19/1990","17-031-0026","1","0.13","ug/m3 SC",".","1","100.0000","12128","Lead (TSP) STP","176","Chicago-Naperville-Michigan City, IL-IN-WI","16980","Chicago-Naperville-Joliet, IL-IN-WI","17","Illinois","031","Cook","41.873720","-87.645326"
"12/25/1990","17-031-0026","1","0.05","ug/m3 SC",".","1","100.0000","12128","Lead (TSP) STP","176","Chicago-Naperville-Michigan City, IL-IN-WI","16980","Chicago-Naperville-Joliet, IL-IN-WI","17","Illinois","031","Cook","41.873720","-87.645326"
"12/31/1990","17-031-0026","1","0.05","ug/m3 SC",".","1","100.0000","12128","Lead (TSP) STP","176","Chicago-Naperville-Michigan City, IL-IN-WI","16980","Chicago-Naperville-Joliet, IL-IN-WI","17","Illinois","031","Cook","41.873720","-87.645326"
"01/05/1990","17-031-0001","1","0.02","ug/m3 SC",".","1","100.0000","12128","Lead (TSP) STP","176","Chicago-Naperville-Michigan City, IL-IN-WI","16980","Chicago-Naperville-Joliet, IL-IN-WI","17","Illinois","031","Cook","41.670992","-87.732457"
"01/11/1990","17-031-0001","1","0.02","ug/m3 SC",".","1","100.0000","12128","Lead (TSP) STP","176","Chicago-Naperville-Michigan City, IL-IN-WI","16980","Chicago-Naperville-Joliet, IL-IN-WI","17","Illinois","031","Cook","41.670992","-87.732457"
"01/17/1990","17-031-0001","1","0.01","ug/m3 SC",".","1","100.0000","12128","Lead (TSP) STP","176","Chicago-Naperville-Michigan City, IL-IN-WI","16980","Chicago-Naperville-Joliet, IL-IN-WI","17","Illinois","031","Cook","41.670992","-87.732457"
"01/23/1990","17-031-0001","1","0.02","ug/m3 SC",".","1","100.0000","12128","Lead (TSP) STP","176","Chicago-Naperville-Michigan City, IL-IN-WI","16980","Chicago-Naperville-Joliet, IL-IN-WI","17","Illinois","031","Cook","41.670992","-87.732457"
"02/04/1990","17-031-0001","1","0.02","ug/m3 SC",".","1","100.0000","12128","Lead (TSP) STP","176","Chicago-Naperville-Michigan City, IL-IN-WI","16980","Chicago-Naperville-Joliet, IL-IN-WI","17","Illinois","031","Cook","41.670992","-87.732457"
"02/10/1990","17-031-0001","1","0.02","ug/m3 SC",".","1","100.0000","12128","Lead (TSP) STP","176","Chicago-Naperville-Michigan City, IL-IN-WI","16980","Chicago-Naperville-Joliet, IL-IN-WI","17","Illinois","031","Cook","41.670992","-87.732457"
"02/16/1990","17-031-0001","1","0.03","ug/m3 SC",".","1","100.0000","12128","Lead (TSP) STP","176","Chicago-Naperville-Michigan City, IL-IN-WI","16980","Chicago-Naperville-Joliet, IL-IN-WI","17","Illinois","031","Cook","41.670992","-87.732457"
"02/22/1990","17-031-0001","1","0","ug/m3 SC",".","1","100.0000","12128","Lead (TSP) STP","176","Chicago-Naperville-Michigan City, IL-IN-WI","16980","Chicago-Naperville-Joliet, IL-IN-WI","17","Illinois","031","Cook","41.670992","-87.732457"
"02/28/1990","17-031-0001","1","0.01","ug/m3 SC",".","1","100.0000","12128","Lead (TSP) STP","176","Chicago-Naperville-Michigan City, IL-IN-WI","16980","Chicago-Naperville-Joliet, IL-IN-WI","17","Illinois","031","Cook","41.670992","-87.732457"
"03/06/1990","17-031-0001","1","0.06","ug/m3 SC",".","1","100.0000","12128","Lead (TSP) STP","176","Chicago-Naperville-Michigan City, IL-IN-WI","16980","Chicago-Naperville-Joliet, IL-IN-WI","17","Illinois","031","Cook","41.670992","-87.732457"
"03/12/1990","17-031-0001","1","0.02","ug/m3 SC",".","1","100.0000","12128","Lead (TSP) STP","176","Chicago-Naperville-Michigan City, IL-IN-WI","16980","Chicago-Naperville-Joliet, IL-IN-WI","17","Illinois","031","Cook","41.670992","-87.732457"
"03/18/1990","17-031-0001","1","0.02","ug/m3 SC",".","1","100.0000","12128","Lead (TSP) STP","176","Chicago-Naperville-Michigan City, IL-IN-WI","16980","Chicago-Naperville-Joliet, IL-IN-WI","17","Illinois","031","Cook","41.670992","-87.732457"
"03/24/1990","17-031-0001","1","0.02","ug/m3 SC",".","1","100.0000","12128","Lead (TSP) STP","176","Chicago-Naperville-Michigan City, IL-IN-WI","16980","Chicago-Naperville-Joliet, IL-IN-WI","17","Illinois","031","Cook","41.670992","-87.732457"
"03/30/1990","17-031-0001","1","0.03","ug/m3 SC",".","1","100.0000","12128","Lead (TSP) STP","176","Chicago-Naperville-Michigan City, IL-IN-WI","16980","Chicago-Naperville-Joliet, IL-IN-WI","17","Illinois","031","Cook","41.670992","-87.732457"
"04/05/1990","17-031-0001","1","0.02","ug/m3 SC",".","1","100.0000","12128","Lead (TSP) STP","176","Chicago-Naperville-Michigan City, IL-IN-WI","16980","Chicago-Naperville-Joliet, IL-IN-WI","17","Illinois","031","Cook","41.670992","-87.732457"
"04/11/1990","17-031-0001","1","0.02","ug/m3 SC",".","1","100.0000","12128","Lead (TSP) STP","176","Chicago-Naperville-Michigan City, IL-IN-WI","16980","Chicago-Naperville-Joliet, IL-IN-WI","17","Illinois","031","Cook","41.670992","-87.732457"
"04/17/1990","17-031-0001","1","0.03","ug/m3 SC",".","1","100.0000","12128","Lead (TSP) STP","176","Chicago-Naperville-Michigan City, IL-IN-WI","16980","Chicago-Naperville-Joliet, IL-IN-WI","17","Illinois","031","Cook","41.670992","-87.732457"
"04/23/1990","17-031-0001","1","0.03","ug/m3 SC",".","1","100.0000","12128","Lead (TSP) STP","176","Chicago-Naperville-Michigan City, IL-IN-WI","16980","Chicago-Naperville-Joliet, IL-IN-WI","17","Illinois","031","Cook","41.670992","-87.732457"
"04/29/1990","17-031-0001","1","0.03","ug/m3 SC",".","1","100.0000","12128","Lead (TSP) STP","176","Chicago-Naperville-Michigan City, IL-IN-WI","16980","Chicago-Naperville-Joliet, IL-IN-WI","17","Illinois","031","Cook","41.670992","-87.732457"
"05/05/1990","17-031-0001","1","0.02","ug/m3 SC",".","1","100.0000","12128","Lead (TSP) STP","176","Chicago-Naperville-Michigan City, IL-IN-WI","16980","Chicago-Naperville-Joliet, IL-IN-WI","17","Illinois","031","Cook","41.670992","-87.732457"
"05/11/1990","17-031-0001","1","0.14","ug/m3 SC",".","1","100.0000","12128","Lead (TSP) STP","176","Chicago-Naperville-Michigan City, IL-IN-WI","16980","Chicago-Naperville-Joliet, IL-IN-WI","17","Illinois","031","Cook","41.670992","-87.732457"
"05/17/1990","17-031-0001","1","0.08","ug/m3 SC",".","1","100.0000","12128","Lead (TSP) STP","176","Chicago-Naperville-Michigan City, IL-IN-WI","16980","Chicago-Naperville-Joliet, IL-IN-WI","17","Illinois","031","Cook","41.670992","-87.732457"
"05/23/1990","17-031-0001","1","0.05","ug/m3 SC",".","1","100.0000","12128","Lead (TSP) STP","176","Chicago-Naperville-Michigan City, IL-IN-WI","16980","Chicago-Naperville-Joliet, IL-IN-WI","17","Illinois","031","Cook","41.670992","-87.732457"
"05/29/1990","17-031-0001","1","0.04","ug/m3 SC",".","1","100.0000","12128","Lead (TSP) STP","176","Chicago-Naperville-Michigan City, IL-IN-WI","16980","Chicago-Naperville-Joliet, IL-IN-WI","17","Illinois","031","Cook","41.670992","-87.732457"
"06/04/1990","17-031-0001","1","0.04","ug/m3 SC",".","1","100.0000","12128","Lead (TSP) STP","176","Chicago-Naperville-Michigan City, IL-IN-WI","16980","Chicago-Naperville-Joliet, IL-IN-WI","17","Illinois","031","Cook","41.670992","-87.732457"
"06/10/1990","17-031-0001","1","0.05","ug/m3 SC",".","1","100.0000","12128","Lead (TSP) STP","176","Chicago-Naperville-Michigan City, IL-IN-WI","16980","Chicago-Naperville-Joliet, IL-IN-WI","17","Illinois","031","Cook","41.670992","-87.732457"
"06/16/1990","17-031-0001","1","0.06","ug/m3 SC",".","1","100.0000","12128","Lead (TSP) STP","176","Chicago-Naperville-Michigan City, IL-IN-WI","16980","Chicago-Naperville-Joliet, IL-IN-WI","17","Illinois","031","Cook","41.670992","-87.732457"
"06/22/1990","17-031-0001","1","0.02","ug/m3 SC",".","1","100.0000","12128","Lead (TSP) STP","176","Chicago-Naperville-Michigan City, IL-IN-WI","16980","Chicago-Naperville-Joliet, IL-IN-WI","17","Illinois","031","Cook","41.670992","-87.732457"
"06/28/1990","17-031-0001","1","0.09","ug/m3 SC",".","1","100.0000","12128","Lead (TSP) STP","176","Chicago-Naperville-Michigan City, IL-IN-WI","16980","Chicago-Naperville-Joliet, IL-IN-WI","17","Illinois","031","Cook","41.670992","-87.732457"
"07/04/1990","17-031-0001","1","0.02","ug/m3 SC",".","1","100.0000","12128","Lead (TSP) STP","176","Chicago-Naperville-Michigan City, IL-IN-WI","16980","Chicago-Naperville-Joliet, IL-IN-WI","17","Illinois","031","Cook","41.670992","-87.732457"
"07/10/1990","17-031-0001","1","0.04","ug/m3 SC",".","1","100.0000","12128","Lead (TSP) STP","176","Chicago-Naperville-Michigan City, IL-IN-WI","16980","Chicago-Naperville-Joliet, IL-IN-WI","17","Illinois","031","Cook","41.670992","-87.732457"
"07/16/1990","17-031-0001","1","0.01","ug/m3 SC",".","1","100.0000","12128","Lead (TSP) STP","176","Chicago-Naperville-Michigan City, IL-IN-WI","16980","Chicago-Naperville-Joliet, IL-IN-WI","17","Illinois","031","Cook","41.670992","-87.732457"
"07/22/1990","17-031-0001","1","0","ug/m3 SC",".","1","100.0000","12128","Lead (TSP) STP","176","Chicago-Naperville-Michigan City, IL-IN-WI","16980","Chicago-Naperville-Joliet, IL-IN-WI","17","Illinois","031","Cook","41.670992","-87.732457"
"08/03/1990","17-031-0001","1","0.04","ug/m3 SC",".","1","100.0000","12128","Lead (TSP) STP","176","Chicago-Naperville-Michigan City, IL-IN-WI","16980","Chicago-Naperville-Joliet, IL-IN-WI","17","Illinois","031","Cook","41.670992","-87.732457"
"08/09/1990","17-031-0001","1","0.04","ug/m3 SC",".","1","100.0000","12128","Lead (TSP) STP","176","Chicago-Naperville-Michigan City, IL-IN-WI","16980","Chicago-Naperville-Joliet, IL-IN-WI","17","Illinois","031","Cook","41.670992","-87.732457"
"08/15/1990","17-031-0001","1","0.05","ug/m3 SC",".","1","100.0000","12128","Lead (TSP) STP","176","Chicago-Naperville-Michigan City, IL-IN-WI","16980","Chicago-Naperville-Joliet, IL-IN-WI","17","Illinois","031","Cook","41.670992","-87.732457"
"08/21/1990","17-031-0001","1","0.04","ug/m3 SC",".","1","100.0000","12128","Lead (TSP) STP","176","Chicago-Naperville-Michigan City, IL-IN-WI","16980","Chicago-Naperville-Joliet, IL-IN-WI","17","Illinois","031","Cook","41.670992","-87.732457"
"08/27/1990","17-031-0001","1","0.04","ug/m3 SC",".","1","100.0000","12128","Lead (TSP) STP","176","Chicago-Naperville-Michigan City, IL-IN-WI","16980","Chicago-Naperville-Joliet, IL-IN-WI","17","Illinois","031","Cook","41.670992","-87.732457"
"09/02/1990","17-031-0001","1","0.04","ug/m3 SC",".","1","100.0000","12128","Lead (TSP) STP","176","Chicago-Naperville-Michigan City, IL-IN-WI","16980","Chicago-Naperville-Joliet, IL-IN-WI","17","Illinois","031","Cook","41.670992","-87.732457"
"09/08/1990","17-031-0001","1","0.1","ug/m3 SC",".","1","100.0000","12128","Lead (TSP) STP","176","Chicago-Naperville-Michigan City, IL-IN-WI","16980","Chicago-Naperville-Joliet, IL-IN-WI","17","Illinois","031","Cook","41.670992","-87.732457"
"09/14/1990","17-031-0001","1","0.02","ug/m3 SC",".","1","100.0000","12128","Lead (TSP) STP","176","Chicago-Naperville-Michigan City, IL-IN-WI","16980","Chicago-Naperville-Joliet, IL-IN-WI","17","Illinois","031","Cook","41.670992","-87.732457"
"09/20/1990","17-031-0001","1","0.04","ug/m3 SC",".","1","100.0000","12128","Lead (TSP) STP","176","Chicago-Naperville-Michigan City, IL-IN-WI","16980","Chicago-Naperville-Joliet, IL-IN-WI","17","Illinois","031","Cook","41.670992","-87.732457"
"09/26/1990","17-031-0001","1","0.04","ug/m3 SC",".","1","100.0000","12128","Lead (TSP) STP","176","Chicago-Naperville-Michigan City, IL-IN-WI","16980","Chicago-Naperville-Joliet, IL-IN-WI","17","Illinois","031","Cook","41.670992","-87.732457"
"10/02/1990","17-031-0001","1","0.04","ug/m3 SC",".","1","100.0000","12128","Lead (TSP) STP","176","Chicago-Naperville-Michigan City, IL-IN-WI","16980","Chicago-Naperville-Joliet, IL-IN-WI","17","Illinois","031","Cook","41.670992","-87.732457"
"10/08/1990","17-031-0001","1","0.01","ug/m3 SC",".","1","100.0000","12128","Lead (TSP) STP","176","Chicago-Naperville-Michigan City, IL-IN-WI","16980","Chicago-Naperville-Joliet, IL-IN-WI","17","Illinois","031","Cook","41.670992","-87.732457"
"10/14/1990","17-031-0001","1","0.01","ug/m3 SC",".","1","100.0000","12128","Lead (TSP) STP","176","Chicago-Naperville-Michigan City, IL-IN-WI","16980","Chicago-Naperville-Joliet, IL-IN-WI","17","Illinois","031","Cook","41.670992","-87.732457"
"10/20/1990","17-031-0001","1","0","ug/m3 SC",".","1","100.0000","12128","Lead (TSP) STP","176","Chicago-Naperville-Michigan City, IL-IN-WI","16980","Chicago-Naperville-Joliet, IL-IN-WI","17","Illinois","031","Cook","41.670992","-87.732457"
"10/26/1990","17-031-0001","1","0.02","ug/m3 SC",".","1","100.0000","12128","Lead (TSP) STP","176","Chicago-Naperville-Michigan City, IL-IN-WI","16980","Chicago-Naperville-Joliet, IL-IN-WI","17","Illinois","031","Cook","41.670992","-87.732457"
"11/01/1990","17-031-0001","1","0.01","ug/m3 SC",".","1","100.0000","12128","Lead (TSP) STP","176","Chicago-Naperville-Michigan City, IL-IN-WI","16980","Chicago-Naperville-Joliet, IL-IN-WI","17","Illinois","031","Cook","41.670992","-87.732457"
"11/07/1990","17-031-0001","1","0","ug/m3 SC",".","1","100.0000","12128","Lead (TSP) STP","176","Chicago-Naperville-Michigan City, IL-IN-WI","16980","Chicago-Naperville-Joliet, IL-IN-WI","17","Illinois","031","Cook","41.670992","-87.732457"
"11/13/1990","17-031-0001","1","0.07","ug/m3 SC",".","1","100.0000","12128","Lead (TSP) STP","176","Chicago-Naperville-Michigan City, IL-IN-WI","16980","Chicago-Naperville-Joliet, IL-IN-WI","17","Illinois","031","Cook","41.670992","-87.732457"
"11/19/1990","17-031-0001","1","0.01","ug/m3 SC",".","1","100.0000","12128","Lead (TSP) STP","176","Chicago-Naperville-Michigan City, IL-IN-WI","16980","Chicago-Naperville-Joliet, IL-IN-WI","17","Illinois","031","Cook","41.670992","-87.732457"
"11/25/1990","17-031-0001","1","0","ug/m3 SC",".","1","100.0000","12128","Lead (TSP) STP","176","Chicago-Naperville-Michigan City, IL-IN-WI","16980","Chicago-Naperville-Joliet, IL-IN-WI","17","Illinois","031","Cook","41.670992","-87.732457"
"12/01/1990","17-031-0001","1","0.02","ug/m3 SC",".","1","100.0000","12128","Lead (TSP) STP","176","Chicago-Naperville-Michigan City, IL-IN-WI","16980","Chicago-Naperville-Joliet, IL-IN-WI","17","Illinois","031","Cook","41.670992","-87.732457"
"12/07/1990","17-031-0001","1","0.01","ug/m3 SC",".","1","100.0000","12128","Lead (TSP) STP","176","Chicago-Naperville-Michigan City, IL-IN-WI","16980","Chicago-Naperville-Joliet, IL-IN-WI","17","Illinois","031","Cook","41.670992","-87.732457"
"12/13/1990","17-031-0001","1","0.01","ug/m3 SC",".","1","100.0000","12128","Lead (TSP) STP","176","Chicago-Naperville-Michigan City, IL-IN-WI","16980","Chicago-Naperville-Joliet, IL-IN-WI","17","Illinois","031","Cook","41.670992","-87.732457"
"12/19/1990","17-031-0001","1","0","ug/m3 SC",".","1","100.0000","12128","Lead (TSP) STP","176","Chicago-Naperville-Michigan City, IL-IN-WI","16980","Chicago-Naperville-Joliet, IL-IN-WI","17","Illinois","031","Cook","41.670992","-87.732457"
"12/25/1990","17-031-0001","1","0.01","ug/m3 SC",".","1","100.0000","12128","Lead (TSP) STP","176","Chicago-Naperville-Michigan City, IL-IN-WI","16980","Chicago-Naperville-Joliet, IL-IN-WI","17","Illinois","031","Cook","41.670992","-87.732457"
"12/31/1990","17-031-0001","1","0","ug/m3 SC",".","1","100.0000","12128","Lead (TSP) STP","176","Chicago-Naperville-Michigan City, IL-IN-WI","16980","Chicago-Naperville-Joliet, IL-IN-WI","17","Illinois","031","Cook","41.670992","-87.732457"
"01/05/1990","17-031-0041","1","0.04","ug/m3 SC",".","1","100.0000","12128","Lead (TSP) STP","176","Chicago-Naperville-Michigan City, IL-IN-WI","16980","Chicago-Naperville-Joliet, IL-IN-WI","17","Illinois","031","Cook","41.698889","-87.561944"
"01/17/1990","17-031-0041","1","0.01","ug/m3 SC",".","1","100.0000","12128","Lead (TSP) STP","176","Chicago-Naperville-Michigan City, IL-IN-WI","16980","Chicago-Naperville-Joliet, IL-IN-WI","17","Illinois","031","Cook","41.698889","-87.561944"
"01/23/1990","17-031-0041","1","0.22","ug/m3 SC",".","1","100.0000","12128","Lead (TSP) STP","176","Chicago-Naperville-Michigan City, IL-IN-WI","16980","Chicago-Naperville-Joliet, IL-IN-WI","17","Illinois","031","Cook","41.698889","-87.561944"
"01/29/1990","17-031-0041","1","0.21","ug/m3 SC",".","1","100.0000","12128","Lead (TSP) STP","176","Chicago-Naperville-Michigan City, IL-IN-WI","16980","Chicago-Naperville-Joliet, IL-IN-WI","17","Illinois","031","Cook","41.698889","-87.561944"
"02/04/1990","17-031-0041","1","0.08","ug/m3 SC",".","1","100.0000","12128","Lead (TSP) STP","176","Chicago-Naperville-Michigan City, IL-IN-WI","16980","Chicago-Naperville-Joliet, IL-IN-WI","17","Illinois","031","Cook","41.698889","-87.561944"
"02/10/1990","17-031-0041","1","0.01","ug/m3 SC",".","1","100.0000","12128","Lead (TSP) STP","176","Chicago-Naperville-Michigan City, IL-IN-WI","16980","Chicago-Naperville-Joliet, IL-IN-WI","17","Illinois","031","Cook","41.698889","-87.561944"
"02/16/1990","17-031-0041","1","0.01","ug/m3 SC",".","1","100.0000","12128","Lead (TSP) STP","176","Chicago-Naperville-Michigan City, IL-IN-WI","16980","Chicago-Naperville-Joliet, IL-IN-WI","17","Illinois","031","Cook","41.698889","-87.561944"
"02/22/1990","17-031-0041","1","0.06","ug/m3 SC",".","1","100.0000","12128","Lead (TSP) STP","176","Chicago-Naperville-Michigan City, IL-IN-WI","16980","Chicago-Naperville-Joliet, IL-IN-WI","17","Illinois","031","Cook","41.698889","-87.561944"
"02/28/1990","17-031-0041","1","0.06","ug/m3 SC",".","1","100.0000","12128","Lead (TSP) STP","176","Chicago-Naperville-Michigan City, IL-IN-WI","16980","Chicago-Naperville-Joliet, IL-IN-WI","17","Illinois","031","Cook","41.698889","-87.561944"
"03/07/1990","17-031-0041","1","0.12","ug/m3 SC",".","1","100.0000","12128","Lead (TSP) STP","176","Chicago-Naperville-Michigan City, IL-IN-WI","16980","Chicago-Naperville-Joliet, IL-IN-WI","17","Illinois","031","Cook","41.698889","-87.561944"
"03/12/1990","17-031-0041","1","0.05","ug/m3 SC",".","1","100.0000","12128","Lead (TSP) STP","176","Chicago-Naperville-Michigan City, IL-IN-WI","16980","Chicago-Naperville-Joliet, IL-IN-WI","17","Illinois","031","Cook","41.698889","-87.561944"
"03/18/1990","17-031-0041","1","0.01","ug/m3 SC",".","1","100.0000","12128","Lead (TSP) STP","176","Chicago-Naperville-Michigan City, IL-IN-WI","16980","Chicago-Naperville-Joliet, IL-IN-WI","17","Illinois","031","Cook","41.698889","-87.561944"
"03/24/1990","17-031-0041","1","0.05","ug/m3 SC",".","1","100.0000","12128","Lead (TSP) STP","176","Chicago-Naperville-Michigan City, IL-IN-WI","16980","Chicago-Naperville-Joliet, IL-IN-WI","17","Illinois","031","Cook","41.698889","-87.561944"
"03/30/1990","17-031-0041","1","0.33","ug/m3 SC",".","1","100.0000","12128","Lead (TSP) STP","176","Chicago-Naperville-Michigan City, IL-IN-WI","16980","Chicago-Naperville-Joliet, IL-IN-WI","17","Illinois","031","Cook","41.698889","-87.561944"
"04/05/1990","17-031-0041","1","0.05","ug/m3 SC",".","1","100.0000","12128","Lead (TSP) STP","176","Chicago-Naperville-Michigan City, IL-IN-WI","16980","Chicago-Naperville-Joliet, IL-IN-WI","17","Illinois","031","Cook","41.698889","-87.561944"
"04/11/1990","17-031-0041","1","0.06","ug/m3 SC",".","1","100.0000","12128","Lead (TSP) STP","176","Chicago-Naperville-Michigan City, IL-IN-WI","16980","Chicago-Naperville-Joliet, IL-IN-WI","17","Illinois","031","Cook","41.698889","-87.561944"
"04/17/1990","17-031-0041","1","0.07","ug/m3 SC",".","1","100.0000","12128","Lead (TSP) STP","176","Chicago-Naperville-Michigan City, IL-IN-WI","16980","Chicago-Naperville-Joliet, IL-IN-WI","17","Illinois","031","Cook","41.698889","-87.561944"
"04/23/1990","17-031-0041","1","0.11","ug/m3 SC",".","1","100.0000","12128","Lead (TSP) STP","176","Chicago-Naperville-Michigan City, IL-IN-WI","16980","Chicago-Naperville-Joliet, IL-IN-WI","17","Illinois","031","Cook","41.698889","-87.561944"
"05/05/1990","17-031-0041","1","0.1","ug/m3 SC",".","1","100.0000","12128","Lead (TSP) STP","176","Chicago-Naperville-Michigan City, IL-IN-WI","16980","Chicago-Naperville-Joliet, IL-IN-WI","17","Illinois","031","Cook","41.698889","-87.561944"
"05/11/1990","17-031-0041","1","0.14","ug/m3 SC",".","1","100.0000","12128","Lead (TSP) STP","176","Chicago-Naperville-Michigan City, IL-IN-WI","16980","Chicago-Naperville-Joliet, IL-IN-WI","17","Illinois","031","Cook","41.698889","-87.561944"
"05/17/1990","17-031-0041","1","0.01","ug/m3 SC",".","1","100.0000","12128","Lead (TSP) STP","176","Chicago-Naperville-Michigan City, IL-IN-WI","16980","Chicago-Naperville-Joliet, IL-IN-WI","17","Illinois","031","Cook","41.698889","-87.561944"
"05/23/1990","17-031-0041","1","0.11","ug/m3 SC",".","1","100.0000","12128","Lead (TSP) STP","176","Chicago-Naperville-Michigan City, IL-IN-WI","16980","Chicago-Naperville-Joliet, IL-IN-WI","17","Illinois","031","Cook","41.698889","-87.561944"
"05/29/1990","17-031-0041","1","0.01","ug/m3 SC",".","1","100.0000","12128","Lead (TSP) STP","176","Chicago-Naperville-Michigan City, IL-IN-WI","16980","Chicago-Naperville-Joliet, IL-IN-WI","17","Illinois","031","Cook","41.698889","-87.561944"
"06/04/1990","17-031-0041","1","0.1","ug/m3 SC",".","1","100.0000","12128","Lead (TSP) STP","176","Chicago-Naperville-Michigan City, IL-IN-WI","16980","Chicago-Naperville-Joliet, IL-IN-WI","17","Illinois","031","Cook","41.698889","-87.561944"
"06/10/1990","17-031-0041","1","0.03","ug/m3 SC",".","1","100.0000","12128","Lead (TSP) STP","176","Chicago-Naperville-Michigan City, IL-IN-WI","16980","Chicago-Naperville-Joliet, IL-IN-WI","17","Illinois","031","Cook","41.698889","-87.561944"
"06/16/1990","17-031-0041","1","0.1","ug/m3 SC",".","1","100.0000","12128","Lead (TSP) STP","176","Chicago-Naperville-Michigan City, IL-IN-WI","16980","Chicago-Naperville-Joliet, IL-IN-WI","17","Illinois","031","Cook","41.698889","-87.561944"
"06/22/1990","17-031-0041","1","0.06","ug/m3 SC",".","1","100.0000","12128","Lead (TSP) STP","176","Chicago-Naperville-Michigan City, IL-IN-WI","16980","Chicago-Naperville-Joliet, IL-IN-WI","17","Illinois","031","Cook","41.698889","-87.561944"
"06/28/1990","17-031-0041","1","0.22","ug/m3 SC",".","1","100.0000","12128","Lead (TSP) STP","176","Chicago-Naperville-Michigan City, IL-IN-WI","16980","Chicago-Naperville-Joliet, IL-IN-WI","17","Illinois","031","Cook","41.698889","-87.561944"
"07/04/1990","17-031-0041","1","0.07","ug/m3 SC",".","1","100.0000","12128","Lead (TSP) STP","176","Chicago-Naperville-Michigan City, IL-IN-WI","16980","Chicago-Naperville-Joliet, IL-IN-WI","17","Illinois","031","Cook","41.698889","-87.561944"
"07/10/1990","17-031-0041","1","0.08","ug/m3 SC",".","1","100.0000","12128","Lead (TSP) STP","176","Chicago-Naperville-Michigan City, IL-IN-WI","16980","Chicago-Naperville-Joliet, IL-IN-WI","17","Illinois","031","Cook","41.698889","-87.561944"
"07/16/1990","17-031-0041","1","0.08","ug/m3 SC",".","1","100.0000","12128","Lead (TSP) STP","176","Chicago-Naperville-Michigan City, IL-IN-WI","16980","Chicago-Naperville-Joliet, IL-IN-WI","17","Illinois","031","Cook","41.698889","-87.561944"
"07/22/1990","17-031-0041","1","0.06","ug/m3 SC",".","1","100.0000","12128","Lead (TSP) STP","176","Chicago-Naperville-Michigan City, IL-IN-WI","16980","Chicago-Naperville-Joliet, IL-IN-WI","17","Illinois","031","Cook","41.698889","-87.561944"
"07/28/1990","17-031-0041","1","0.08","ug/m3 SC",".","1","100.0000","12128","Lead (TSP) STP","176","Chicago-Naperville-Michigan City, IL-IN-WI","16980","Chicago-Naperville-Joliet, IL-IN-WI","17","Illinois","031","Cook","41.698889","-87.561944"
"08/09/1990","17-031-0041","1","0.09","ug/m3 SC",".","1","100.0000","12128","Lead (TSP) STP","176","Chicago-Naperville-Michigan City, IL-IN-WI","16980","Chicago-Naperville-Joliet, IL-IN-WI","17","Illinois","031","Cook","41.698889","-87.561944"
"08/15/1990","17-031-0041","1","0.23","ug/m3 SC",".","1","100.0000","12128","Lead (TSP) STP","176","Chicago-Naperville-Michigan City, IL-IN-WI","16980","Chicago-Naperville-Joliet, IL-IN-WI","17","Illinois","031","Cook","41.698889","-87.561944"
"08/21/1990","17-031-0041","1","0.14","ug/m3 SC",".","1","100.0000","12128","Lead (TSP) STP","176","Chicago-Naperville-Michigan City, IL-IN-WI","16980","Chicago-Naperville-Joliet, IL-IN-WI","17","Illinois","031","Cook","41.698889","-87.561944"
"08/27/1990","17-031-0041","1","0.13","ug/m3 SC",".","1","100.0000","12128","Lead (TSP) STP","176","Chicago-Naperville-Michigan City, IL-IN-WI","16980","Chicago-Naperville-Joliet, IL-IN-WI","17","Illinois","031","Cook","41.698889","-87.561944"
"09/02/1990","17-031-0041","1","0.01","ug/m3 SC",".","1","100.0000","12128","Lead (TSP) STP","176","Chicago-Naperville-Michigan City, IL-IN-WI","16980","Chicago-Naperville-Joliet, IL-IN-WI","17","Illinois","031","Cook","41.698889","-87.561944"
"09/08/1990","17-031-0041","1","0.34","ug/m3 SC",".","1","100.0000","12128","Lead (TSP) STP","176","Chicago-Naperville-Michigan City, IL-IN-WI","16980","Chicago-Naperville-Joliet, IL-IN-WI","17","Illinois","031","Cook","41.698889","-87.561944"
"09/14/1990","17-031-0041","1","0.01","ug/m3 SC",".","1","100.0000","12128","Lead (TSP) STP","176","Chicago-Naperville-Michigan City, IL-IN-WI","16980","Chicago-Naperville-Joliet, IL-IN-WI","17","Illinois","031","Cook","41.698889","-87.561944"
"09/20/1990","17-031-0041","1","0.01","ug/m3 SC",".","1","100.0000","12128","Lead (TSP) STP","176","Chicago-Naperville-Michigan City, IL-IN-WI","16980","Chicago-Naperville-Joliet, IL-IN-WI","17","Illinois","031","Cook","41.698889","-87.561944"
"10/08/1990","17-031-0041","1","0.08","ug/m3 SC",".","1","100.0000","12128","Lead (TSP) STP","176","Chicago-Naperville-Michigan City, IL-IN-WI","16980","Chicago-Naperville-Joliet, IL-IN-WI","17","Illinois","031","Cook","41.698889","-87.561944"
"10/14/1990","17-031-0041","1","0.05","ug/m3 SC",".","1","100.0000","12128","Lead (TSP) STP","176","Chicago-Naperville-Michigan City, IL-IN-WI","16980","Chicago-Naperville-Joliet, IL-IN-WI","17","Illinois","031","Cook","41.698889","-87.561944"
"10/20/1990","17-031-0041","1","0.2","ug/m3 SC",".","1","100.0000","12128","Lead (TSP) STP","176","Chicago-Naperville-Michigan City, IL-IN-WI","16980","Chicago-Naperville-Joliet, IL-IN-WI","17","Illinois","031","Cook","41.698889","-87.561944"
"10/26/1990","17-031-0041","1","0.15","ug/m3 SC",".","1","100.0000","12128","Lead (TSP) STP","176","Chicago-Naperville-Michigan City, IL-IN-WI","16980","Chicago-Naperville-Joliet, IL-IN-WI","17","Illinois","031","Cook","41.698889","-87.561944"
"11/01/1990","17-031-0041","1","0.27","ug/m3 SC",".","1","100.0000","12128","Lead (TSP) STP","176","Chicago-Naperville-Michigan City, IL-IN-WI","16980","Chicago-Naperville-Joliet, IL-IN-WI","17","Illinois","031","Cook","41.698889","-87.561944"
"11/07/1990","17-031-0041","1","0.01","ug/m3 SC",".","1","100.0000","12128","Lead (TSP) STP","176","Chicago-Naperville-Michigan City, IL-IN-WI","16980","Chicago-Naperville-Joliet, IL-IN-WI","17","Illinois","031","Cook","41.698889","-87.561944"
"11/13/1990","17-031-0041","1","0.25","ug/m3 SC",".","1","100.0000","12128","Lead (TSP) STP","176","Chicago-Naperville-Michigan City, IL-IN-WI","16980","Chicago-Naperville-Joliet, IL-IN-WI","17","Illinois","031","Cook","41.698889","-87.561944"
"11/19/1990","17-031-0041","1","0.08","ug/m3 SC",".","1","100.0000","12128","Lead (TSP) STP","176","Chicago-Naperville-Michigan City, IL-IN-WI","16980","Chicago-Naperville-Joliet, IL-IN-WI","17","Illinois","031","Cook","41.698889","-87.561944"
"11/25/1990","17-031-0041","1","0.01","ug/m3 SC",".","1","100.0000","12128","Lead (TSP) STP","176","Chicago-Naperville-Michigan City, IL-IN-WI","16980","Chicago-Naperville-Joliet, IL-IN-WI","17","Illinois","031","Cook","41.698889","-87.561944"
"12/01/1990","17-031-0041","1","0.31","ug/m3 SC",".","1","100.0000","12128","Lead (TSP) STP","176","Chicago-Naperville-Michigan City, IL-IN-WI","16980","Chicago-Naperville-Joliet, IL-IN-WI","17","Illinois","031","Cook","41.698889","-87.561944"
"12/07/1990","17-031-0041","1","0.06","ug/m3 SC",".","1","100.0000","12128","Lead (TSP) STP","176","Chicago-Naperville-Michigan City, IL-IN-WI","16980","Chicago-Naperville-Joliet, IL-IN-WI","17","Illinois","031","Cook","41.698889","-87.561944"
"12/13/1990","17-031-0041","1","0.04","ug/m3 SC",".","1","100.0000","12128","Lead (TSP) STP","176","Chicago-Naperville-Michigan City, IL-IN-WI","16980","Chicago-Naperville-Joliet, IL-IN-WI","17","Illinois","031","Cook","41.698889","-87.561944"
"12/19/1990","17-031-0041","1","0.11","ug/m3 SC",".","1","100.0000","12128","Lead (TSP) STP","176","Chicago-Naperville-Michigan City, IL-IN-WI","16980","Chicago-Naperville-Joliet, IL-IN-WI","17","Illinois","031","Cook","41.698889","-87.561944"
"12/25/1990","17-031-0041","1","0.04","ug/m3 SC",".","1","100.0000","12128","Lead (TSP) STP","176","Chicago-Naperville-Michigan City, IL-IN-WI","16980","Chicago-Naperville-Joliet, IL-IN-WI","17","Illinois","031","Cook","41.698889","-87.561944"
"12/31/1990","17-031-0041","1","0.01","ug/m3 SC",".","1","100.0000","12128","Lead (TSP) STP","176","Chicago-Naperville-Michigan City, IL-IN-WI","16980","Chicago-Naperville-Joliet, IL-IN-WI","17","Illinois","031","Cook","41.698889","-87.561944"
"01/05/1990","17-031-6003","1","0.09","ug/m3 SC",".","1","100.0000","12128","Lead (TSP) STP","176","Chicago-Naperville-Michigan City, IL-IN-WI","16980","Chicago-Naperville-Joliet, IL-IN-WI","17","Illinois","031","Cook","41.872202","-87.826165"
"01/11/1990","17-031-6003","1","0.05","ug/m3 SC",".","1","100.0000","12128","Lead (TSP) STP","176","Chicago-Naperville-Michigan City, IL-IN-WI","16980","Chicago-Naperville-Joliet, IL-IN-WI","17","Illinois","031","Cook","41.872202","-87.826165"
"01/17/1990","17-031-6003","1","0.04","ug/m3 SC",".","1","100.0000","12128","Lead (TSP) STP","176","Chicago-Naperville-Michigan City, IL-IN-WI","16980","Chicago-Naperville-Joliet, IL-IN-WI","17","Illinois","031","Cook","41.872202","-87.826165"
"01/23/1990","17-031-6003","1","0.09","ug/m3 SC",".","1","100.0000","12128","Lead (TSP) STP","176","Chicago-Naperville-Michigan City, IL-IN-WI","16980","Chicago-Naperville-Joliet, IL-IN-WI","17","Illinois","031","Cook","41.872202","-87.826165"
"01/29/1990","17-031-6003","1","0.17","ug/m3 SC",".","1","100.0000","12128","Lead (TSP) STP","176","Chicago-Naperville-Michigan City, IL-IN-WI","16980","Chicago-Naperville-Joliet, IL-IN-WI","17","Illinois","031","Cook","41.872202","-87.826165"
"02/04/1990","17-031-6003","1","0.05","ug/m3 SC",".","1","100.0000","12128","Lead (TSP) STP","176","Chicago-Naperville-Michigan City, IL-IN-WI","16980","Chicago-Naperville-Joliet, IL-IN-WI","17","Illinois","031","Cook","41.872202","-87.826165"
"02/28/1990","17-031-6003","1","0.06","ug/m3 SC",".","1","100.0000","12128","Lead (TSP) STP","176","Chicago-Naperville-Michigan City, IL-IN-WI","16980","Chicago-Naperville-Joliet, IL-IN-WI","17","Illinois","031","Cook","41.872202","-87.826165"
"03/06/1990","17-031-6003","1","0.08","ug/m3 SC",".","1","100.0000","12128","Lead (TSP) STP","176","Chicago-Naperville-Michigan City, IL-IN-WI","16980","Chicago-Naperville-Joliet, IL-IN-WI","17","Illinois","031","Cook","41.872202","-87.826165"
"03/12/1990","17-031-6003","1","0.05","ug/m3 SC",".","1","100.0000","12128","Lead (TSP) STP","176","Chicago-Naperville-Michigan City, IL-IN-WI","16980","Chicago-Naperville-Joliet, IL-IN-WI","17","Illinois","031","Cook","41.872202","-87.826165"
"03/18/1990","17-031-6003","1","0.03","ug/m3 SC",".","1","100.0000","12128","Lead (TSP) STP","176","Chicago-Naperville-Michigan City, IL-IN-WI","16980","Chicago-Naperville-Joliet, IL-IN-WI","17","Illinois","031","Cook","41.872202","-87.826165"
"03/24/1990","17-031-6003","1","0.06","ug/m3 SC",".","1","100.0000","12128","Lead (TSP) STP","176","Chicago-Naperville-Michigan City, IL-IN-WI","16980","Chicago-Naperville-Joliet, IL-IN-WI","17","Illinois","031","Cook","41.872202","-87.826165"
"03/30/1990","17-031-6003","1","0.05","ug/m3 SC",".","1","100.0000","12128","Lead (TSP) STP","176","Chicago-Naperville-Michigan City, IL-IN-WI","16980","Chicago-Naperville-Joliet, IL-IN-WI","17","Illinois","031","Cook","41.872202","-87.826165"
"04/05/1990","17-031-6003","1","0.04","ug/m3 SC",".","1","100.0000","12128","Lead (TSP) STP","176","Chicago-Naperville-Michigan City, IL-IN-WI","16980","Chicago-Naperville-Joliet, IL-IN-WI","17","Illinois","031","Cook","41.872202","-87.826165"
"04/11/1990","17-031-6003","1","0.08","ug/m3 SC",".","1","100.0000","12128","Lead (TSP) STP","176","Chicago-Naperville-Michigan City, IL-IN-WI","16980","Chicago-Naperville-Joliet, IL-IN-WI","17","Illinois","031","Cook","41.872202","-87.826165"
"04/17/1990","17-031-6003","1","0.06","ug/m3 SC",".","1","100.0000","12128","Lead (TSP) STP","176","Chicago-Naperville-Michigan City, IL-IN-WI","16980","Chicago-Naperville-Joliet, IL-IN-WI","17","Illinois","031","Cook","41.872202","-87.826165"
"04/23/1990","17-031-6003","1","0.11","ug/m3 SC",".","1","100.0000","12128","Lead (TSP) STP","176","Chicago-Naperville-Michigan City, IL-IN-WI","16980","Chicago-Naperville-Joliet, IL-IN-WI","17","Illinois","031","Cook","41.872202","-87.826165"
"04/29/1990","17-031-6003","1","0.07","ug/m3 SC",".","1","100.0000","12128","Lead (TSP) STP","176","Chicago-Naperville-Michigan City, IL-IN-WI","16980","Chicago-Naperville-Joliet, IL-IN-WI","17","Illinois","031","Cook","41.872202","-87.826165"
"05/05/1990","17-031-6003","1","0.04","ug/m3 SC",".","1","100.0000","12128","Lead (TSP) STP","176","Chicago-Naperville-Michigan City, IL-IN-WI","16980","Chicago-Naperville-Joliet, IL-IN-WI","17","Illinois","031","Cook","41.872202","-87.826165"
"05/11/1990","17-031-6003","1","0.11","ug/m3 SC",".","1","100.0000","12128","Lead (TSP) STP","176","Chicago-Naperville-Michigan City, IL-IN-WI","16980","Chicago-Naperville-Joliet, IL-IN-WI","17","Illinois","031","Cook","41.872202","-87.826165"
"05/17/1990","17-031-6003","1","0.02","ug/m3 SC",".","1","100.0000","12128","Lead (TSP) STP","176","Chicago-Naperville-Michigan City, IL-IN-WI","16980","Chicago-Naperville-Joliet, IL-IN-WI","17","Illinois","031","Cook","41.872202","-87.826165"
"06/04/1990","17-031-6003","1","0.08","ug/m3 SC",".","1","100.0000","12128","Lead (TSP) STP","176","Chicago-Naperville-Michigan City, IL-IN-WI","16980","Chicago-Naperville-Joliet, IL-IN-WI","17","Illinois","031","Cook","41.872202","-87.826165"
"06/10/1990","17-031-6003","1","0.02","ug/m3 SC",".","1","100.0000","12128","Lead (TSP) STP","176","Chicago-Naperville-Michigan City, IL-IN-WI","16980","Chicago-Naperville-Joliet, IL-IN-WI","17","Illinois","031","Cook","41.872202","-87.826165"
"06/16/1990","17-031-6003","1","0.12","ug/m3 SC",".","1","100.0000","12128","Lead (TSP) STP","176","Chicago-Naperville-Michigan City, IL-IN-WI","16980","Chicago-Naperville-Joliet, IL-IN-WI","17","Illinois","031","Cook","41.872202","-87.826165"
"06/22/1990","17-031-6003","1","0.04","ug/m3 SC",".","1","100.0000","12128","Lead (TSP) STP","176","Chicago-Naperville-Michigan City, IL-IN-WI","16980","Chicago-Naperville-Joliet, IL-IN-WI","17","Illinois","031","Cook","41.872202","-87.826165"
"06/28/1990","17-031-6003","1","0.09","ug/m3 SC",".","1","100.0000","12128","Lead (TSP) STP","176","Chicago-Naperville-Michigan City, IL-IN-WI","16980","Chicago-Naperville-Joliet, IL-IN-WI","17","Illinois","031","Cook","41.872202","-87.826165"
"07/04/1990","17-031-6003","1","0.03","ug/m3 SC",".","1","100.0000","12128","Lead (TSP) STP","176","Chicago-Naperville-Michigan City, IL-IN-WI","16980","Chicago-Naperville-Joliet, IL-IN-WI","17","Illinois","031","Cook","41.872202","-87.826165"
"07/10/1990","17-031-6003","1","0.14","ug/m3 SC",".","1","100.0000","12128","Lead (TSP) STP","176","Chicago-Naperville-Michigan City, IL-IN-WI","16980","Chicago-Naperville-Joliet, IL-IN-WI","17","Illinois","031","Cook","41.872202","-87.826165"
"07/16/1990","17-031-6003","1","0.04","ug/m3 SC",".","1","100.0000","12128","Lead (TSP) STP","176","Chicago-Naperville-Michigan City, IL-IN-WI","16980","Chicago-Naperville-Joliet, IL-IN-WI","17","Illinois","031","Cook","41.872202","-87.826165"
"07/22/1990","17-031-6003","1","0.04","ug/m3 SC",".","1","100.0000","12128","Lead (TSP) STP","176","Chicago-Naperville-Michigan City, IL-IN-WI","16980","Chicago-Naperville-Joliet, IL-IN-WI","17","Illinois","031","Cook","41.872202","-87.826165"
"07/28/1990","17-031-6003","1","0.05","ug/m3 SC",".","1","100.0000","12128","Lead (TSP) STP","176","Chicago-Naperville-Michigan City, IL-IN-WI","16980","Chicago-Naperville-Joliet, IL-IN-WI","17","Illinois","031","Cook","41.872202","-87.826165"
"08/03/1990","17-031-6003","1","0.07","ug/m3 SC",".","1","100.0000","12128","Lead (TSP) STP","176","Chicago-Naperville-Michigan City, IL-IN-WI","16980","Chicago-Naperville-Joliet, IL-IN-WI","17","Illinois","031","Cook","41.872202","-87.826165"
"08/09/1990","17-031-6003","1","0.11","ug/m3 SC",".","1","100.0000","12128","Lead (TSP) STP","176","Chicago-Naperville-Michigan City, IL-IN-WI","16980","Chicago-Naperville-Joliet, IL-IN-WI","17","Illinois","031","Cook","41.872202","-87.826165"
"08/21/1990","17-031-6003","1","0.03","ug/m3 SC",".","1","100.0000","12128","Lead (TSP) STP","176","Chicago-Naperville-Michigan City, IL-IN-WI","16980","Chicago-Naperville-Joliet, IL-IN-WI","17","Illinois","031","Cook","41.872202","-87.826165"
"08/27/1990","17-031-6003","1","0.08","ug/m3 SC",".","1","100.0000","12128","Lead (TSP) STP","176","Chicago-Naperville-Michigan City, IL-IN-WI","16980","Chicago-Naperville-Joliet, IL-IN-WI","17","Illinois","031","Cook","41.872202","-87.826165"
"09/02/1990","17-031-6003","1","0.03","ug/m3 SC",".","1","100.0000","12128","Lead (TSP) STP","176","Chicago-Naperville-Michigan City, IL-IN-WI","16980","Chicago-Naperville-Joliet, IL-IN-WI","17","Illinois","031","Cook","41.872202","-87.826165"
"09/08/1990","17-031-6003","1","0.12","ug/m3 SC",".","1","100.0000","12128","Lead (TSP) STP","176","Chicago-Naperville-Michigan City, IL-IN-WI","16980","Chicago-Naperville-Joliet, IL-IN-WI","17","Illinois","031","Cook","41.872202","-87.826165"
"09/14/1990","17-031-6003","1","0.03","ug/m3 SC",".","1","100.0000","12128","Lead (TSP) STP","176","Chicago-Naperville-Michigan City, IL-IN-WI","16980","Chicago-Naperville-Joliet, IL-IN-WI","17","Illinois","031","Cook","41.872202","-87.826165"
"09/20/1990","17-031-6003","1","0.2","ug/m3 SC",".","1","100.0000","12128","Lead (TSP) STP","176","Chicago-Naperville-Michigan City, IL-IN-WI","16980","Chicago-Naperville-Joliet, IL-IN-WI","17","Illinois","031","Cook","41.872202","-87.826165"
"09/26/1990","17-031-6003","1","0.08","ug/m3 SC",".","1","100.0000","12128","Lead (TSP) STP","176","Chicago-Naperville-Michigan City, IL-IN-WI","16980","Chicago-Naperville-Joliet, IL-IN-WI","17","Illinois","031","Cook","41.872202","-87.826165"
"10/02/1990","17-031-6003","1","0.06","ug/m3 SC",".","1","100.0000","12128","Lead (TSP) STP","176","Chicago-Naperville-Michigan City, IL-IN-WI","16980","Chicago-Naperville-Joliet, IL-IN-WI","17","Illinois","031","Cook","41.872202","-87.826165"
"10/08/1990","17-031-6003","1","0.01","ug/m3 SC",".","1","100.0000","12128","Lead (TSP) STP","176","Chicago-Naperville-Michigan City, IL-IN-WI","16980","Chicago-Naperville-Joliet, IL-IN-WI","17","Illinois","031","Cook","41.872202","-87.826165"
"10/14/1990","17-031-6003","1","0.04","ug/m3 SC",".","1","100.0000","12128","Lead (TSP) STP","176","Chicago-Naperville-Michigan City, IL-IN-WI","16980","Chicago-Naperville-Joliet, IL-IN-WI","17","Illinois","031","Cook","41.872202","-87.826165"
"10/20/1990","17-031-6003","1","0.04","ug/m3 SC",".","1","100.0000","12128","Lead (TSP) STP","176","Chicago-Naperville-Michigan City, IL-IN-WI","16980","Chicago-Naperville-Joliet, IL-IN-WI","17","Illinois","031","Cook","41.872202","-87.826165"
"10/26/1990","17-031-6003","1","0.09","ug/m3 SC",".","1","100.0000","12128","Lead (TSP) STP","176","Chicago-Naperville-Michigan City, IL-IN-WI","16980","Chicago-Naperville-Joliet, IL-IN-WI","17","Illinois","031","Cook","41.872202","-87.826165"
"11/01/1990","17-031-6003","1","0.06","ug/m3 SC",".","1","100.0000","12128","Lead (TSP) STP","176","Chicago-Naperville-Michigan City, IL-IN-WI","16980","Chicago-Naperville-Joliet, IL-IN-WI","17","Illinois","031","Cook","41.872202","-87.826165"
"11/07/1990","17-031-6003","1","0.02","ug/m3 SC",".","1","100.0000","12128","Lead (TSP) STP","176","Chicago-Naperville-Michigan City, IL-IN-WI","16980","Chicago-Naperville-Joliet, IL-IN-WI","17","Illinois","031","Cook","41.872202","-87.826165"
"11/13/1990","17-031-6003","1","0.1","ug/m3 SC",".","1","100.0000","12128","Lead (TSP) STP","176","Chicago-Naperville-Michigan City, IL-IN-WI","16980","Chicago-Naperville-Joliet, IL-IN-WI","17","Illinois","031","Cook","41.872202","-87.826165"
"11/19/1990","17-031-6003","1","0.07","ug/m3 SC",".","1","100.0000","12128","Lead (TSP) STP","176","Chicago-Naperville-Michigan City, IL-IN-WI","16980","Chicago-Naperville-Joliet, IL-IN-WI","17","Illinois","031","Cook","41.872202","-87.826165"
"11/25/1990","17-031-6003","1","0.02","ug/m3 SC",".","1","100.0000","12128","Lead (TSP) STP","176","Chicago-Naperville-Michigan City, IL-IN-WI","16980","Chicago-Naperville-Joliet, IL-IN-WI","17","Illinois","031","Cook","41.872202","-87.826165"
"12/13/1990","17-031-6003","1","0.07","ug/m3 SC",".","1","100.0000","12128","Lead (TSP) STP","176","Chicago-Naperville-Michigan City, IL-IN-WI","16980","Chicago-Naperville-Joliet, IL-IN-WI","17","Illinois","031","Cook","41.872202","-87.826165"
"12/19/1990","17-031-6003","1","0.07","ug/m3 SC",".","1","100.0000","12128","Lead (TSP) STP","176","Chicago-Naperville-Michigan City, IL-IN-WI","16980","Chicago-Naperville-Joliet, IL-IN-WI","17","Illinois","031","Cook","41.872202","-87.826165"
"12/25/1990","17-031-6003","1","0.03","ug/m3 SC",".","1","100.0000","12128","Lead (TSP) STP","176","Chicago-Naperville-Michigan City, IL-IN-WI","16980","Chicago-Naperville-Joliet, IL-IN-WI","17","Illinois","031","Cook","41.872202","-87.826165"
"01/05/1990","17-031-0060","5","0.026","ug/m3 SC",".","1","100.0000","12128","Lead (TSP) STP","176","Chicago-Naperville-Michigan City, IL-IN-WI","16980","Chicago-Naperville-Joliet, IL-IN-WI","17","Illinois","031","Cook","41.656518","-87.589574"
"01/17/1990","17-031-0060","5","0.022","ug/m3 SC",".","1","100.0000","12128","Lead (TSP) STP","176","Chicago-Naperville-Michigan City, IL-IN-WI","16980","Chicago-Naperville-Joliet, IL-IN-WI","17","Illinois","031","Cook","41.656518","-87.589574"
"04/17/1990","17-031-0060","5","0.088","ug/m3 SC",".","1","100.0000","12128","Lead (TSP) STP","176","Chicago-Naperville-Michigan City, IL-IN-WI","16980","Chicago-Naperville-Joliet, IL-IN-WI","17","Illinois","031","Cook","41.656518","-87.589574"
"04/29/1990","17-031-0060","5","0.062","ug/m3 SC",".","1","100.0000","12128","Lead (TSP) STP","176","Chicago-Naperville-Michigan City, IL-IN-WI","16980","Chicago-Naperville-Joliet, IL-IN-WI","17","Illinois","031","Cook","41.656518","-87.589574"
"05/11/1990","17-031-0060","5","0.251","ug/m3 SC",".","1","100.0000","12128","Lead (TSP) STP","176","Chicago-Naperville-Michigan City, IL-IN-WI","16980","Chicago-Naperville-Joliet, IL-IN-WI","17","Illinois","031","Cook","41.656518","-87.589574"
"06/04/1990","17-031-0060","5","0.075","ug/m3 SC",".","1","100.0000","12128","Lead (TSP) STP","176","Chicago-Naperville-Michigan City, IL-IN-WI","16980","Chicago-Naperville-Joliet, IL-IN-WI","17","Illinois","031","Cook","41.656518","-87.589574"
"06/16/1990","17-031-0060","5","0.035","ug/m3 SC",".","1","100.0000","12128","Lead (TSP) STP","176","Chicago-Naperville-Michigan City, IL-IN-WI","16980","Chicago-Naperville-Joliet, IL-IN-WI","17","Illinois","031","Cook","41.656518","-87.589574"
"06/28/1990","17-031-0060","5","0.032","ug/m3 SC",".","1","100.0000","12128","Lead (TSP) STP","176","Chicago-Naperville-Michigan City, IL-IN-WI","16980","Chicago-Naperville-Joliet, IL-IN-WI","17","Illinois","031","Cook","41.656518","-87.589574"
"07/10/1990","17-031-0060","5","0.11","ug/m3 SC",".","1","100.0000","12128","Lead (TSP) STP","176","Chicago-Naperville-Michigan City, IL-IN-WI","16980","Chicago-Naperville-Joliet, IL-IN-WI","17","Illinois","031","Cook","41.656518","-87.589574"
"07/22/1990","17-031-0060","5","0.281","ug/m3 SC",".","1","100.0000","12128","Lead (TSP) STP","176","Chicago-Naperville-Michigan City, IL-IN-WI","16980","Chicago-Naperville-Joliet, IL-IN-WI","17","Illinois","031","Cook","41.656518","-87.589574"
"08/03/1990","17-031-0060","5","0.021","ug/m3 SC",".","1","100.0000","12128","Lead (TSP) STP","176","Chicago-Naperville-Michigan City, IL-IN-WI","16980","Chicago-Naperville-Joliet, IL-IN-WI","17","Illinois","031","Cook","41.656518","-87.589574"
"08/16/1990","17-031-0060","5","0.025","ug/m3 SC",".","1","100.0000","12128","Lead (TSP) STP","176","Chicago-Naperville-Michigan City, IL-IN-WI","16980","Chicago-Naperville-Joliet, IL-IN-WI","17","Illinois","031","Cook","41.656518","-87.589574"
"09/08/1990","17-031-0060","5","0.105","ug/m3 SC",".","1","100.0000","12128","Lead (TSP) STP","176","Chicago-Naperville-Michigan City, IL-IN-WI","16980","Chicago-Naperville-Joliet, IL-IN-WI","17","Illinois","031","Cook","41.656518","-87.589574"
"10/02/1990","17-031-0060","5","0.057","ug/m3 SC",".","1","100.0000","12128","Lead (TSP) STP","176","Chicago-Naperville-Michigan City, IL-IN-WI","16980","Chicago-Naperville-Joliet, IL-IN-WI","17","Illinois","031","Cook","41.656518","-87.589574"
"10/14/1990","17-031-0060","5","0.02","ug/m3 SC",".","1","100.0000","12128","Lead (TSP) STP","176","Chicago-Naperville-Michigan City, IL-IN-WI","16980","Chicago-Naperville-Joliet, IL-IN-WI","17","Illinois","031","Cook","41.656518","-87.589574"
"11/08/1990","17-031-0060","5","0.035","ug/m3 SC",".","1","100.0000","12128","Lead (TSP) STP","176","Chicago-Naperville-Michigan City, IL-IN-WI","16980","Chicago-Naperville-Joliet, IL-IN-WI","17","Illinois","031","Cook","41.656518","-87.589574"
"12/01/1990","17-031-0060","5","0.031","ug/m3 SC",".","1","100.0000","12128","Lead (TSP) STP","176","Chicago-Naperville-Michigan City, IL-IN-WI","16980","Chicago-Naperville-Joliet, IL-IN-WI","17","Illinois","031","Cook","41.656518","-87.589574"
"12/13/1990","17-031-0060","5","0.041","ug/m3 SC",".","1","100.0000","12128","Lead (TSP) STP","176","Chicago-Naperville-Michigan City, IL-IN-WI","16980","Chicago-Naperville-Joliet, IL-IN-WI","17","Illinois","031","Cook","41.656518","-87.589574"
"01/05/1990","17-031-0052","1","0.07","ug/m3 SC",".","1","100.0000","12128","Lead (TSP) STP","176","Chicago-Naperville-Michigan City, IL-IN-WI","16980","Chicago-Naperville-Joliet, IL-IN-WI","17","Illinois","031","Cook","41.965485","-87.749928"
"01/11/1990","17-031-0052","1","0.03","ug/m3 SC",".","1","100.0000","12128","Lead (TSP) STP","176","Chicago-Naperville-Michigan City, IL-IN-WI","16980","Chicago-Naperville-Joliet, IL-IN-WI","17","Illinois","031","Cook","41.965485","-87.749928"
"01/17/1990","17-031-0052","1","0.03","ug/m3 SC",".","1","100.0000","12128","Lead (TSP) STP","176","Chicago-Naperville-Michigan City, IL-IN-WI","16980","Chicago-Naperville-Joliet, IL-IN-WI","17","Illinois","031","Cook","41.965485","-87.749928"
"01/23/1990","17-031-0052","1","0.12","ug/m3 SC",".","1","100.0000","12128","Lead (TSP) STP","176","Chicago-Naperville-Michigan City, IL-IN-WI","16980","Chicago-Naperville-Joliet, IL-IN-WI","17","Illinois","031","Cook","41.965485","-87.749928"
"01/29/1990","17-031-0052","1","0.08","ug/m3 SC",".","1","100.0000","12128","Lead (TSP) STP","176","Chicago-Naperville-Michigan City, IL-IN-WI","16980","Chicago-Naperville-Joliet, IL-IN-WI","17","Illinois","031","Cook","41.965485","-87.749928"
"02/04/1990","17-031-0052","1","0.1","ug/m3 SC",".","1","100.0000","12128","Lead (TSP) STP","176","Chicago-Naperville-Michigan City, IL-IN-WI","16980","Chicago-Naperville-Joliet, IL-IN-WI","17","Illinois","031","Cook","41.965485","-87.749928"
"02/10/1990","17-031-0052","1","0.03","ug/m3 SC",".","1","100.0000","12128","Lead (TSP) STP","176","Chicago-Naperville-Michigan City, IL-IN-WI","16980","Chicago-Naperville-Joliet, IL-IN-WI","17","Illinois","031","Cook","41.965485","-87.749928"
"02/16/1990","17-031-0052","1","0.07","ug/m3 SC",".","1","100.0000","12128","Lead (TSP) STP","176","Chicago-Naperville-Michigan City, IL-IN-WI","16980","Chicago-Naperville-Joliet, IL-IN-WI","17","Illinois","031","Cook","41.965485","-87.749928"
"02/22/1990","17-031-0052","1","0.04","ug/m3 SC",".","1","100.0000","12128","Lead (TSP) STP","176","Chicago-Naperville-Michigan City, IL-IN-WI","16980","Chicago-Naperville-Joliet, IL-IN-WI","17","Illinois","031","Cook","41.965485","-87.749928"
"02/28/1990","17-031-0052","1","0.02","ug/m3 SC",".","1","100.0000","12128","Lead (TSP) STP","176","Chicago-Naperville-Michigan City, IL-IN-WI","16980","Chicago-Naperville-Joliet, IL-IN-WI","17","Illinois","031","Cook","41.965485","-87.749928"
"03/06/1990","17-031-0052","1","0.03","ug/m3 SC",".","1","100.0000","12128","Lead (TSP) STP","176","Chicago-Naperville-Michigan City, IL-IN-WI","16980","Chicago-Naperville-Joliet, IL-IN-WI","17","Illinois","031","Cook","41.965485","-87.749928"
"03/12/1990","17-031-0052","1","0.04","ug/m3 SC",".","1","100.0000","12128","Lead (TSP) STP","176","Chicago-Naperville-Michigan City, IL-IN-WI","16980","Chicago-Naperville-Joliet, IL-IN-WI","17","Illinois","031","Cook","41.965485","-87.749928"
"03/18/1990","17-031-0052","1","0.03","ug/m3 SC",".","1","100.0000","12128","Lead (TSP) STP","176","Chicago-Naperville-Michigan City, IL-IN-WI","16980","Chicago-Naperville-Joliet, IL-IN-WI","17","Illinois","031","Cook","41.965485","-87.749928"
"03/24/1990","17-031-0052","1","0.02","ug/m3 SC",".","1","100.0000","12128","Lead (TSP) STP","176","Chicago-Naperville-Michigan City, IL-IN-WI","16980","Chicago-Naperville-Joliet, IL-IN-WI","17","Illinois","031","Cook","41.965485","-87.749928"
"04/05/1990","17-031-0052","1","0.04","ug/m3 SC",".","1","100.0000","12128","Lead (TSP) STP","176","Chicago-Naperville-Michigan City, IL-IN-WI","16980","Chicago-Naperville-Joliet, IL-IN-WI","17","Illinois","031","Cook","41.965485","-87.749928"
"04/11/1990","17-031-0052","1","0.01","ug/m3 SC",".","1","100.0000","12128","Lead (TSP) STP","176","Chicago-Naperville-Michigan City, IL-IN-WI","16980","Chicago-Naperville-Joliet, IL-IN-WI","17","Illinois","031","Cook","41.965485","-87.749928"
"04/17/1990","17-031-0052","1","0.03","ug/m3 SC",".","1","100.0000","12128","Lead (TSP) STP","176","Chicago-Naperville-Michigan City, IL-IN-WI","16980","Chicago-Naperville-Joliet, IL-IN-WI","17","Illinois","031","Cook","41.965485","-87.749928"
"04/23/1990","17-031-0052","1","0.11","ug/m3 SC",".","1","100.0000","12128","Lead (TSP) STP","176","Chicago-Naperville-Michigan City, IL-IN-WI","16980","Chicago-Naperville-Joliet, IL-IN-WI","17","Illinois","031","Cook","41.965485","-87.749928"
"04/29/1990","17-031-0052","1","0.08","ug/m3 SC",".","1","100.0000","12128","Lead (TSP) STP","176","Chicago-Naperville-Michigan City, IL-IN-WI","16980","Chicago-Naperville-Joliet, IL-IN-WI","17","Illinois","031","Cook","41.965485","-87.749928"
"05/05/1990","17-031-0052","1","0.03","ug/m3 SC",".","1","100.0000","12128","Lead (TSP) STP","176","Chicago-Naperville-Michigan City, IL-IN-WI","16980","Chicago-Naperville-Joliet, IL-IN-WI","17","Illinois","031","Cook","41.965485","-87.749928"
"05/11/1990","17-031-0052","1","0.03","ug/m3 SC",".","1","100.0000","12128","Lead (TSP) STP","176","Chicago-Naperville-Michigan City, IL-IN-WI","16980","Chicago-Naperville-Joliet, IL-IN-WI","17","Illinois","031","Cook","41.965485","-87.749928"
"05/17/1990","17-031-0052","1","0.01","ug/m3 SC",".","1","100.0000","12128","Lead (TSP) STP","176","Chicago-Naperville-Michigan City, IL-IN-WI","16980","Chicago-Naperville-Joliet, IL-IN-WI","17","Illinois","031","Cook","41.965485","-87.749928"
"05/23/1990","17-031-0052","1","0.08","ug/m3 SC",".","1","100.0000","12128","Lead (TSP) STP","176","Chicago-Naperville-Michigan City, IL-IN-WI","16980","Chicago-Naperville-Joliet, IL-IN-WI","17","Illinois","031","Cook","41.965485","-87.749928"
"05/29/1990","17-031-0052","1","0.01","ug/m3 SC",".","1","100.0000","12128","Lead (TSP) STP","176","Chicago-Naperville-Michigan City, IL-IN-WI","16980","Chicago-Naperville-Joliet, IL-IN-WI","17","Illinois","031","Cook","41.965485","-87.749928"
"06/04/1990","17-031-0052","1","0.07","ug/m3 SC",".","1","100.0000","12128","Lead (TSP) STP","176","Chicago-Naperville-Michigan City, IL-IN-WI","16980","Chicago-Naperville-Joliet, IL-IN-WI","17","Illinois","031","Cook","41.965485","-87.749928"
"06/10/1990","17-031-0052","1","0.04","ug/m3 SC",".","1","100.0000","12128","Lead (TSP) STP","176","Chicago-Naperville-Michigan City, IL-IN-WI","16980","Chicago-Naperville-Joliet, IL-IN-WI","17","Illinois","031","Cook","41.965485","-87.749928"
"06/16/1990","17-031-0052","1","0.16","ug/m3 SC",".","1","100.0000","12128","Lead (TSP) STP","176","Chicago-Naperville-Michigan City, IL-IN-WI","16980","Chicago-Naperville-Joliet, IL-IN-WI","17","Illinois","031","Cook","41.965485","-87.749928"
"06/22/1990","17-031-0052","1","0.05","ug/m3 SC",".","1","100.0000","12128","Lead (TSP) STP","176","Chicago-Naperville-Michigan City, IL-IN-WI","16980","Chicago-Naperville-Joliet, IL-IN-WI","17","Illinois","031","Cook","41.965485","-87.749928"
"06/28/1990","17-031-0052","1","0.07","ug/m3 SC",".","1","100.0000","12128","Lead (TSP) STP","176","Chicago-Naperville-Michigan City, IL-IN-WI","16980","Chicago-Naperville-Joliet, IL-IN-WI","17","Illinois","031","Cook","41.965485","-87.749928"
"07/04/1990","17-031-0052","1","0.04","ug/m3 SC",".","1","100.0000","12128","Lead (TSP) STP","176","Chicago-Naperville-Michigan City, IL-IN-WI","16980","Chicago-Naperville-Joliet, IL-IN-WI","17","Illinois","031","Cook","41.965485","-87.749928"
"07/10/1990","17-031-0052","1","0.04","ug/m3 SC",".","1","100.0000","12128","Lead (TSP) STP","176","Chicago-Naperville-Michigan City, IL-IN-WI","16980","Chicago-Naperville-Joliet, IL-IN-WI","17","Illinois","031","Cook","41.965485","-87.749928"
"07/16/1990","17-031-0052","1","0.02","ug/m3 SC",".","1","100.0000","12128","Lead (TSP) STP","176","Chicago-Naperville-Michigan City, IL-IN-WI","16980","Chicago-Naperville-Joliet, IL-IN-WI","17","Illinois","031","Cook","41.965485","-87.749928"
"07/22/1990","17-031-0052","1","0.01","ug/m3 SC",".","1","100.0000","12128","Lead (TSP) STP","176","Chicago-Naperville-Michigan City, IL-IN-WI","16980","Chicago-Naperville-Joliet, IL-IN-WI","17","Illinois","031","Cook","41.965485","-87.749928"
"07/28/1990","17-031-0052","1","0.05","ug/m3 SC",".","1","100.0000","12128","Lead (TSP) STP","176","Chicago-Naperville-Michigan City, IL-IN-WI","16980","Chicago-Naperville-Joliet, IL-IN-WI","17","Illinois","031","Cook","41.965485","-87.749928"
"08/03/1990","17-031-0052","1","0.05","ug/m3 SC",".","1","100.0000","12128","Lead (TSP) STP","176","Chicago-Naperville-Michigan City, IL-IN-WI","16980","Chicago-Naperville-Joliet, IL-IN-WI","17","Illinois","031","Cook","41.965485","-87.749928"
"08/09/1990","17-031-0052","1","0.07","ug/m3 SC",".","1","100.0000","12128","Lead (TSP) STP","176","Chicago-Naperville-Michigan City, IL-IN-WI","16980","Chicago-Naperville-Joliet, IL-IN-WI","17","Illinois","031","Cook","41.965485","-87.749928"
"08/15/1990","17-031-0052","1","0.07","ug/m3 SC",".","1","100.0000","12128","Lead (TSP) STP","176","Chicago-Naperville-Michigan City, IL-IN-WI","16980","Chicago-Naperville-Joliet, IL-IN-WI","17","Illinois","031","Cook","41.965485","-87.749928"
"08/21/1990","17-031-0052","1","0.08","ug/m3 SC",".","1","100.0000","12128","Lead (TSP) STP","176","Chicago-Naperville-Michigan City, IL-IN-WI","16980","Chicago-Naperville-Joliet, IL-IN-WI","17","Illinois","031","Cook","41.965485","-87.749928"
"08/27/1990","17-031-0052","1","0.06","ug/m3 SC",".","1","100.0000","12128","Lead (TSP) STP","176","Chicago-Naperville-Michigan City, IL-IN-WI","16980","Chicago-Naperville-Joliet, IL-IN-WI","17","Illinois","031","Cook","41.965485","-87.749928"
"09/08/1990","17-031-0052","1","0.02","ug/m3 SC",".","1","100.0000","12128","Lead (TSP) STP","176","Chicago-Naperville-Michigan City, IL-IN-WI","16980","Chicago-Naperville-Joliet, IL-IN-WI","17","Illinois","031","Cook","41.965485","-87.749928"
"09/14/1990","17-031-0052","1","0.01","ug/m3 SC",".","1","100.0000","12128","Lead (TSP) STP","176","Chicago-Naperville-Michigan City, IL-IN-WI","16980","Chicago-Naperville-Joliet, IL-IN-WI","17","Illinois","031","Cook","41.965485","-87.749928"
"09/20/1990","17-031-0052","1","0.05","ug/m3 SC",".","1","100.0000","12128","Lead (TSP) STP","176","Chicago-Naperville-Michigan City, IL-IN-WI","16980","Chicago-Naperville-Joliet, IL-IN-WI","17","Illinois","031","Cook","41.965485","-87.749928"
"09/26/1990","17-031-0052","1","0.03","ug/m3 SC",".","1","100.0000","12128","Lead (TSP) STP","176","Chicago-Naperville-Michigan City, IL-IN-WI","16980","Chicago-Naperville-Joliet, IL-IN-WI","17","Illinois","031","Cook","41.965485","-87.749928"
"10/02/1990","17-031-0052","1","0.06","ug/m3 SC",".","1","100.0000","12128","Lead (TSP) STP","176","Chicago-Naperville-Michigan City, IL-IN-WI","16980","Chicago-Naperville-Joliet, IL-IN-WI","17","Illinois","031","Cook","41.965485","-87.749928"
"10/08/1990","17-031-0052","1","0","ug/m3 SC",".","1","100.0000","12128","Lead (TSP) STP","176","Chicago-Naperville-Michigan City, IL-IN-WI","16980","Chicago-Naperville-Joliet, IL-IN-WI","17","Illinois","031","Cook","41.965485","-87.749928"
"10/14/1990","17-031-0052","1","0.02","ug/m3 SC",".","1","100.0000","12128","Lead (TSP) STP","176","Chicago-Naperville-Michigan City, IL-IN-WI","16980","Chicago-Naperville-Joliet, IL-IN-WI","17","Illinois","031","Cook","41.965485","-87.749928"
"10/20/1990","17-031-0052","1","0.05","ug/m3 SC",".","1","100.0000","12128","Lead (TSP) STP","176","Chicago-Naperville-Michigan City, IL-IN-WI","16980","Chicago-Naperville-Joliet, IL-IN-WI","17","Illinois","031","Cook","41.965485","-87.749928"
"10/26/1990","17-031-0052","1","0.06","ug/m3 SC",".","1","100.0000","12128","Lead (TSP) STP","176","Chicago-Naperville-Michigan City, IL-IN-WI","16980","Chicago-Naperville-Joliet, IL-IN-WI","17","Illinois","031","Cook","41.965485","-87.749928"
"11/01/1990","17-031-0052","1","0.05","ug/m3 SC",".","1","100.0000","12128","Lead (TSP) STP","176","Chicago-Naperville-Michigan City, IL-IN-WI","16980","Chicago-Naperville-Joliet, IL-IN-WI","17","Illinois","031","Cook","41.965485","-87.749928"
"11/07/1990","17-031-0052","1","0","ug/m3 SC",".","1","100.0000","12128","Lead (TSP) STP","176","Chicago-Naperville-Michigan City, IL-IN-WI","16980","Chicago-Naperville-Joliet, IL-IN-WI","17","Illinois","031","Cook","41.965485","-87.749928"
"11/13/1990","17-031-0052","1","0.05","ug/m3 SC",".","1","100.0000","12128","Lead (TSP) STP","176","Chicago-Naperville-Michigan City, IL-IN-WI","16980","Chicago-Naperville-Joliet, IL-IN-WI","17","Illinois","031","Cook","41.965485","-87.749928"
"11/25/1990","17-031-0052","1","0","ug/m3 SC",".","1","100.0000","12128","Lead (TSP) STP","176","Chicago-Naperville-Michigan City, IL-IN-WI","16980","Chicago-Naperville-Joliet, IL-IN-WI","17","Illinois","031","Cook","41.965485","-87.749928"
"12/01/1990","17-031-0052","1","0.01","ug/m3 SC",".","1","100.0000","12128","Lead (TSP) STP","176","Chicago-Naperville-Michigan City, IL-IN-WI","16980","Chicago-Naperville-Joliet, IL-IN-WI","17","Illinois","031","Cook","41.965485","-87.749928"
"12/07/1990","17-031-0052","1","0.02","ug/m3 SC",".","1","100.0000","12128","Lead (TSP) STP","176","Chicago-Naperville-Michigan City, IL-IN-WI","16980","Chicago-Naperville-Joliet, IL-IN-WI","17","Illinois","031","Cook","41.965485","-87.749928"
"12/13/1990","17-031-0052","1","0.01","ug/m3 SC",".","1","100.0000","12128","Lead (TSP) STP","176","Chicago-Naperville-Michigan City, IL-IN-WI","16980","Chicago-Naperville-Joliet, IL-IN-WI","17","Illinois","031","Cook","41.965485","-87.749928"
"12/31/1990","17-031-0052","1","0.05","ug/m3 SC",".","1","100.0000","12128","Lead (TSP) STP","176","Chicago-Naperville-Michigan City, IL-IN-WI","16980","Chicago-Naperville-Joliet, IL-IN-WI","17","Illinois","031","Cook","41.965485","-87.749928"
"01/05/1990","17-031-3101","1","0.03","ug/m3 SC",".","1","100.0000","12128","Lead (TSP) STP","176","Chicago-Naperville-Michigan City, IL-IN-WI","16980","Chicago-Naperville-Joliet, IL-IN-WI","17","Illinois","031","Cook","41.965253","-87.876266"
"01/11/1990","17-031-3101","1","0.01","ug/m3 SC",".","1","100.0000","12128","Lead (TSP) STP","176","Chicago-Naperville-Michigan City, IL-IN-WI","16980","Chicago-Naperville-Joliet, IL-IN-WI","17","Illinois","031","Cook","41.965253","-87.876266"
"01/17/1990","17-031-3101","1","0.01","ug/m3 SC",".","1","100.0000","12128","Lead (TSP) STP","176","Chicago-Naperville-Michigan City, IL-IN-WI","16980","Chicago-Naperville-Joliet, IL-IN-WI","17","Illinois","031","Cook","41.965253","-87.876266"
"02/02/1990","17-031-3101","1","0.01","ug/m3 SC",".","1","100.0000","12128","Lead (TSP) STP","176","Chicago-Naperville-Michigan City, IL-IN-WI","16980","Chicago-Naperville-Joliet, IL-IN-WI","17","Illinois","031","Cook","41.965253","-87.876266"
"02/06/1990","17-031-3101","1","0.05","ug/m3 SC",".","1","100.0000","12128","Lead (TSP) STP","176","Chicago-Naperville-Michigan City, IL-IN-WI","16980","Chicago-Naperville-Joliet, IL-IN-WI","17","Illinois","031","Cook","41.965253","-87.876266"
"02/10/1990","17-031-3101","1","0.01","ug/m3 SC",".","1","100.0000","12128","Lead (TSP) STP","176","Chicago-Naperville-Michigan City, IL-IN-WI","16980","Chicago-Naperville-Joliet, IL-IN-WI","17","Illinois","031","Cook","41.965253","-87.876266"
"02/16/1990","17-031-3101","1","0.01","ug/m3 SC",".","1","100.0000","12128","Lead (TSP) STP","176","Chicago-Naperville-Michigan City, IL-IN-WI","16980","Chicago-Naperville-Joliet, IL-IN-WI","17","Illinois","031","Cook","41.965253","-87.876266"
"02/22/1990","17-031-3101","1","0.01","ug/m3 SC",".","1","100.0000","12128","Lead (TSP) STP","176","Chicago-Naperville-Michigan City, IL-IN-WI","16980","Chicago-Naperville-Joliet, IL-IN-WI","17","Illinois","031","Cook","41.965253","-87.876266"
"02/28/1990","17-031-3101","1","0.01","ug/m3 SC",".","1","100.0000","12128","Lead (TSP) STP","176","Chicago-Naperville-Michigan City, IL-IN-WI","16980","Chicago-Naperville-Joliet, IL-IN-WI","17","Illinois","031","Cook","41.965253","-87.876266"
"03/06/1990","17-031-3101","1","0.01","ug/m3 SC",".","1","100.0000","12128","Lead (TSP) STP","176","Chicago-Naperville-Michigan City, IL-IN-WI","16980","Chicago-Naperville-Joliet, IL-IN-WI","17","Illinois","031","Cook","41.965253","-87.876266"
"03/12/1990","17-031-3101","1","0.01","ug/m3 SC",".","1","100.0000","12128","Lead (TSP) STP","176","Chicago-Naperville-Michigan City, IL-IN-WI","16980","Chicago-Naperville-Joliet, IL-IN-WI","17","Illinois","031","Cook","41.965253","-87.876266"
"03/18/1990","17-031-3101","1","0.01","ug/m3 SC",".","1","100.0000","12128","Lead (TSP) STP","176","Chicago-Naperville-Michigan City, IL-IN-WI","16980","Chicago-Naperville-Joliet, IL-IN-WI","17","Illinois","031","Cook","41.965253","-87.876266"
"03/24/1990","17-031-3101","1","0.01","ug/m3 SC",".","1","100.0000","12128","Lead (TSP) STP","176","Chicago-Naperville-Michigan City, IL-IN-WI","16980","Chicago-Naperville-Joliet, IL-IN-WI","17","Illinois","031","Cook","41.965253","-87.876266"
"03/30/1990","17-031-3101","1","0.01","ug/m3 SC",".","1","100.0000","12128","Lead (TSP) STP","176","Chicago-Naperville-Michigan City, IL-IN-WI","16980","Chicago-Naperville-Joliet, IL-IN-WI","17","Illinois","031","Cook","41.965253","-87.876266"
"04/05/1990","17-031-3101","1","0.01","ug/m3 SC",".","1","100.0000","12128","Lead (TSP) STP","176","Chicago-Naperville-Michigan City, IL-IN-WI","16980","Chicago-Naperville-Joliet, IL-IN-WI","17","Illinois","031","Cook","41.965253","-87.876266"
"04/11/1990","17-031-3101","1","0.01","ug/m3 SC",".","1","100.0000","12128","Lead (TSP) STP","176","Chicago-Naperville-Michigan City, IL-IN-WI","16980","Chicago-Naperville-Joliet, IL-IN-WI","17","Illinois","031","Cook","41.965253","-87.876266"
"04/17/1990","17-031-3101","1","0.04","ug/m3 SC",".","1","100.0000","12128","Lead (TSP) STP","176","Chicago-Naperville-Michigan City, IL-IN-WI","16980","Chicago-Naperville-Joliet, IL-IN-WI","17","Illinois","031","Cook","41.965253","-87.876266"
"04/23/1990","17-031-3101","1","0.03","ug/m3 SC",".","1","100.0000","12128","Lead (TSP) STP","176","Chicago-Naperville-Michigan City, IL-IN-WI","16980","Chicago-Naperville-Joliet, IL-IN-WI","17","Illinois","031","Cook","41.965253","-87.876266"
"04/29/1990","17-031-3101","1","0.04","ug/m3 SC",".","1","100.0000","12128","Lead (TSP) STP","176","Chicago-Naperville-Michigan City, IL-IN-WI","16980","Chicago-Naperville-Joliet, IL-IN-WI","17","Illinois","031","Cook","41.965253","-87.876266"
"05/05/1990","17-031-3101","1","0.01","ug/m3 SC",".","1","100.0000","12128","Lead (TSP) STP","176","Chicago-Naperville-Michigan City, IL-IN-WI","16980","Chicago-Naperville-Joliet, IL-IN-WI","17","Illinois","031","Cook","41.965253","-87.876266"
"05/11/1990","17-031-3101","1","0.01","ug/m3 SC",".","1","100.0000","12128","Lead (TSP) STP","176","Chicago-Naperville-Michigan City, IL-IN-WI","16980","Chicago-Naperville-Joliet, IL-IN-WI","17","Illinois","031","Cook","41.965253","-87.876266"
"05/23/1990","17-031-3101","1","0.05","ug/m3 SC",".","1","100.0000","12128","Lead (TSP) STP","176","Chicago-Naperville-Michigan City, IL-IN-WI","16980","Chicago-Naperville-Joliet, IL-IN-WI","17","Illinois","031","Cook","41.965253","-87.876266"
"05/29/1990","17-031-3101","1","0.01","ug/m3 SC",".","1","100.0000","12128","Lead (TSP) STP","176","Chicago-Naperville-Michigan City, IL-IN-WI","16980","Chicago-Naperville-Joliet, IL-IN-WI","17","Illinois","031","Cook","41.965253","-87.876266"
"06/04/1990","17-031-3101","1","0.01","ug/m3 SC",".","1","100.0000","12128","Lead (TSP) STP","176","Chicago-Naperville-Michigan City, IL-IN-WI","16980","Chicago-Naperville-Joliet, IL-IN-WI","17","Illinois","031","Cook","41.965253","-87.876266"
"06/10/1990","17-031-3101","1","0.01","ug/m3 SC",".","1","100.0000","12128","Lead (TSP) STP","176","Chicago-Naperville-Michigan City, IL-IN-WI","16980","Chicago-Naperville-Joliet, IL-IN-WI","17","Illinois","031","Cook","41.965253","-87.876266"
"06/16/1990","17-031-3101","1","0.1","ug/m3 SC",".","1","100.0000","12128","Lead (TSP) STP","176","Chicago-Naperville-Michigan City, IL-IN-WI","16980","Chicago-Naperville-Joliet, IL-IN-WI","17","Illinois","031","Cook","41.965253","-87.876266"
"07/04/1990","17-031-3101","1","0.01","ug/m3 SC",".","1","100.0000","12128","Lead (TSP) STP","176","Chicago-Naperville-Michigan City, IL-IN-WI","16980","Chicago-Naperville-Joliet, IL-IN-WI","17","Illinois","031","Cook","41.965253","-87.876266"
"07/10/1990","17-031-3101","1","0.01","ug/m3 SC",".","1","100.0000","12128","Lead (TSP) STP","176","Chicago-Naperville-Michigan City, IL-IN-WI","16980","Chicago-Naperville-Joliet, IL-IN-WI","17","Illinois","031","Cook","41.965253","-87.876266"
"07/16/1990","17-031-3101","1","0.01","ug/m3 SC",".","1","100.0000","12128","Lead (TSP) STP","176","Chicago-Naperville-Michigan City, IL-IN-WI","16980","Chicago-Naperville-Joliet, IL-IN-WI","17","Illinois","031","Cook","41.965253","-87.876266"
"07/22/1990","17-031-3101","1","0.01","ug/m3 SC",".","1","100.0000","12128","Lead (TSP) STP","176","Chicago-Naperville-Michigan City, IL-IN-WI","16980","Chicago-Naperville-Joliet, IL-IN-WI","17","Illinois","031","Cook","41.965253","-87.876266"
"07/28/1990","17-031-3101","1","0.01","ug/m3 SC",".","1","100.0000","12128","Lead (TSP) STP","176","Chicago-Naperville-Michigan City, IL-IN-WI","16980","Chicago-Naperville-Joliet, IL-IN-WI","17","Illinois","031","Cook","41.965253","-87.876266"
"08/03/1990","17-031-3101","1","0.01","ug/m3 SC",".","1","100.0000","12128","Lead (TSP) STP","176","Chicago-Naperville-Michigan City, IL-IN-WI","16980","Chicago-Naperville-Joliet, IL-IN-WI","17","Illinois","031","Cook","41.965253","-87.876266"
"08/09/1990","17-031-3101","1","0.05","ug/m3 SC",".","1","100.0000","12128","Lead (TSP) STP","176","Chicago-Naperville-Michigan City, IL-IN-WI","16980","Chicago-Naperville-Joliet, IL-IN-WI","17","Illinois","031","Cook","41.965253","-87.876266"
"08/15/1990","17-031-3101","1","0.03","ug/m3 SC",".","1","100.0000","12128","Lead (TSP) STP","176","Chicago-Naperville-Michigan City, IL-IN-WI","16980","Chicago-Naperville-Joliet, IL-IN-WI","17","Illinois","031","Cook","41.965253","-87.876266"
"08/21/1990","17-031-3101","1","0.01","ug/m3 SC",".","1","100.0000","12128","Lead (TSP) STP","176","Chicago-Naperville-Michigan City, IL-IN-WI","16980","Chicago-Naperville-Joliet, IL-IN-WI","17","Illinois","031","Cook","41.965253","-87.876266"
"08/27/1990","17-031-3101","1","0.05","ug/m3 SC",".","1","100.0000","12128","Lead (TSP) STP","176","Chicago-Naperville-Michigan City, IL-IN-WI","16980","Chicago-Naperville-Joliet, IL-IN-WI","17","Illinois","031","Cook","41.965253","-87.876266"
"09/02/1990","17-031-3101","1","0.01","ug/m3 SC",".","1","100.0000","12128","Lead (TSP) STP","176","Chicago-Naperville-Michigan City, IL-IN-WI","16980","Chicago-Naperville-Joliet, IL-IN-WI","17","Illinois","031","Cook","41.965253","-87.876266"
"09/08/1990","17-031-3101","1","0.01","ug/m3 SC",".","1","100.0000","12128","Lead (TSP) STP","176","Chicago-Naperville-Michigan City, IL-IN-WI","16980","Chicago-Naperville-Joliet, IL-IN-WI","17","Illinois","031","Cook","41.965253","-87.876266"
"09/20/1990","17-031-3101","1","0.01","ug/m3 SC",".","1","100.0000","12128","Lead (TSP) STP","176","Chicago-Naperville-Michigan City, IL-IN-WI","16980","Chicago-Naperville-Joliet, IL-IN-WI","17","Illinois","031","Cook","41.965253","-87.876266"
"10/02/1990","17-031-3101","1","0.01","ug/m3 SC",".","1","100.0000","12128","Lead (TSP) STP","176","Chicago-Naperville-Michigan City, IL-IN-WI","16980","Chicago-Naperville-Joliet, IL-IN-WI","17","Illinois","031","Cook","41.965253","-87.876266"
"10/08/1990","17-031-3101","1","0.01","ug/m3 SC",".","1","100.0000","12128","Lead (TSP) STP","176","Chicago-Naperville-Michigan City, IL-IN-WI","16980","Chicago-Naperville-Joliet, IL-IN-WI","17","Illinois","031","Cook","41.965253","-87.876266"
"10/14/1990","17-031-3101","1","0.01","ug/m3 SC",".","1","100.0000","12128","Lead (TSP) STP","176","Chicago-Naperville-Michigan City, IL-IN-WI","16980","Chicago-Naperville-Joliet, IL-IN-WI","17","Illinois","031","Cook","41.965253","-87.876266"
"10/20/1990","17-031-3101","1","0.04","ug/m3 SC",".","1","100.0000","12128","Lead (TSP) STP","176","Chicago-Naperville-Michigan City, IL-IN-WI","16980","Chicago-Naperville-Joliet, IL-IN-WI","17","Illinois","031","Cook","41.965253","-87.876266"
"10/26/1990","17-031-3101","1","0.07","ug/m3 SC",".","1","100.0000","12128","Lead (TSP) STP","176","Chicago-Naperville-Michigan City, IL-IN-WI","16980","Chicago-Naperville-Joliet, IL-IN-WI","17","Illinois","031","Cook","41.965253","-87.876266"
"11/01/1990","17-031-3101","1","0.05","ug/m3 SC",".","1","100.0000","12128","Lead (TSP) STP","176","Chicago-Naperville-Michigan City, IL-IN-WI","16980","Chicago-Naperville-Joliet, IL-IN-WI","17","Illinois","031","Cook","41.965253","-87.876266"
"11/07/1990","17-031-3101","1","0.04","ug/m3 SC",".","1","100.0000","12128","Lead (TSP) STP","176","Chicago-Naperville-Michigan City, IL-IN-WI","16980","Chicago-Naperville-Joliet, IL-IN-WI","17","Illinois","031","Cook","41.965253","-87.876266"
"11/13/1990","17-031-3101","1","0.07","ug/m3 SC",".","1","100.0000","12128","Lead (TSP) STP","176","Chicago-Naperville-Michigan City, IL-IN-WI","16980","Chicago-Naperville-Joliet, IL-IN-WI","17","Illinois","031","Cook","41.965253","-87.876266"
"11/19/1990","17-031-3101","1","0.06","ug/m3 SC",".","1","100.0000","12128","Lead (TSP) STP","176","Chicago-Naperville-Michigan City, IL-IN-WI","16980","Chicago-Naperville-Joliet, IL-IN-WI","17","Illinois","031","Cook","41.965253","-87.876266"
"11/25/1990","17-031-3101","1","0.01","ug/m3 SC",".","1","100.0000","12128","Lead (TSP) STP","176","Chicago-Naperville-Michigan City, IL-IN-WI","16980","Chicago-Naperville-Joliet, IL-IN-WI","17","Illinois","031","Cook","41.965253","-87.876266"
"12/01/1990","17-031-3101","1","0.01","ug/m3 SC",".","1","100.0000","12128","Lead (TSP) STP","176","Chicago-Naperville-Michigan City, IL-IN-WI","16980","Chicago-Naperville-Joliet, IL-IN-WI","17","Illinois","031","Cook","41.965253","-87.876266"
"12/07/1990","17-031-3101","1","0.01","ug/m3 SC",".","1","100.0000","12128","Lead (TSP) STP","176","Chicago-Naperville-Michigan City, IL-IN-WI","16980","Chicago-Naperville-Joliet, IL-IN-WI","17","Illinois","031","Cook","41.965253","-87.876266"
"12/13/1990","17-031-3101","1","0.01","ug/m3 SC",".","1","100.0000","12128","Lead (TSP) STP","176","Chicago-Naperville-Michigan City, IL-IN-WI","16980","Chicago-Naperville-Joliet, IL-IN-WI","17","Illinois","031","Cook","41.965253","-87.876266"
"12/19/1990","17-031-3101","1","0.04","ug/m3 SC",".","1","100.0000","12128","Lead (TSP) STP","176","Chicago-Naperville-Michigan City, IL-IN-WI","16980","Chicago-Naperville-Joliet, IL-IN-WI","17","Illinois","031","Cook","41.965253","-87.876266"
"12/25/1990","17-031-3101","1","0.01","ug/m3 SC",".","1","100.0000","12128","Lead (TSP) STP","176","Chicago-Naperville-Michigan City, IL-IN-WI","16980","Chicago-Naperville-Joliet, IL-IN-WI","17","Illinois","031","Cook","41.965253","-87.876266"
"12/31/1990","17-031-3101","1","0.01","ug/m3 SC",".","1","100.0000","12128","Lead (TSP) STP","176","Chicago-Naperville-Michigan City, IL-IN-WI","16980","Chicago-Naperville-Joliet, IL-IN-WI","17","Illinois","031","Cook","41.965253","-87.876266"
