"Date","AQS_SITE_ID","POC","Daily Max 8-hour Ozone Concentration","UNITS","DAILY_AQI_VALUE","DAILY_OBS_COUNT","PERCENT_COMPLETE","AQS_PARAMETER_CODE","AQS_PARAMETER_DESC","CBSA_CODE","CBSA_NAME","STATE_CODE","STATE","COUNTY_CODE","COUNTY","SITE_LATITUDE","SITE_LONGITUDE"
"01/01/1983","150031004","2","0.013","ppm","11","24","100.0000","44201","Ozone","26180","Honolulu, HI","15","Hawaii","003","Honolulu","21.3033819","-157.8711711"
"01/02/1983","150031004","2","0.015","ppm","13","24","100.0000","44201","Ozone","26180","Honolulu, HI","15","Hawaii","003","Honolulu","21.3033819","-157.8711711"
"01/03/1983","150031004","2","0.019","ppm","16","24","100.0000","44201","Ozone","26180","Honolulu, HI","15","Hawaii","003","Honolulu","21.3033819","-157.8711711"
"01/04/1983","150031004","2","0.015","ppm","13","24","100.0000","44201","Ozone","26180","Honolulu, HI","15","Hawaii","003","Honolulu","21.3033819","-157.8711711"
"01/05/1983","150031004","2","0.014","ppm","12","24","100.0000","44201","Ozone","26180","Honolulu, HI","15","Hawaii","003","Honolulu","21.3033819","-157.8711711"
"01/06/1983","150031004","2","0.027","ppm","23","24","100.0000","44201","Ozone","26180","Honolulu, HI","15","Hawaii","003","Honolulu","21.3033819","-157.8711711"
"01/07/1983","150031004","2","0.026","ppm","22","24","100.0000","44201","Ozone","26180","Honolulu, HI","15","Hawaii","003","Honolulu","21.3033819","-157.8711711"
"01/08/1983","150031004","2","0.025","ppm","21","24","100.0000","44201","Ozone","26180","Honolulu, HI","15","Hawaii","003","Honolulu","21.3033819","-157.8711711"
"01/09/1983","150031004","2","0.022","ppm","19","24","100.0000","44201","Ozone","26180","Honolulu, HI","15","Hawaii","003","Honolulu","21.3033819","-157.8711711"
"01/10/1983","150031004","2","0.02","ppm","17","24","100.0000","44201","Ozone","26180","Honolulu, HI","15","Hawaii","003","Honolulu","21.3033819","-157.8711711"
"01/11/1983","150031004","2","0.018","ppm","15","24","100.0000","44201","Ozone","26180","Honolulu, HI","15","Hawaii","003","Honolulu","21.3033819","-157.8711711"
"01/12/1983","150031004","2","0.017","ppm","14","24","100.0000","44201","Ozone","26180","Honolulu, HI","15","Hawaii","003","Honolulu","21.3033819","-157.8711711"
"01/13/1983","150031004","2","0.016","ppm","14","24","100.0000","44201","Ozone","26180","Honolulu, HI","15","Hawaii","003","Honolulu","21.3033819","-157.8711711"
"01/14/1983","150031004","2","0.016","ppm","14","24","100.0000","44201","Ozone","26180","Honolulu, HI","15","Hawaii","003","Honolulu","21.3033819","-157.8711711"
"01/15/1983","150031004","2","0.027","ppm","23","24","100.0000","44201","Ozone","26180","Honolulu, HI","15","Hawaii","003","Honolulu","21.3033819","-157.8711711"
"01/16/1983","150031004","2","0.031","ppm","26","24","100.0000","44201","Ozone","26180","Honolulu, HI","15","Hawaii","003","Honolulu","21.3033819","-157.8711711"
"01/17/1983","150031004","2","0.04","ppm","34","23","96.0000","44201","Ozone","26180","Honolulu, HI","15","Hawaii","003","Honolulu","21.3033819","-157.8711711"
"01/19/1983","150031004","2","0.018","ppm","15","24","100.0000","44201","Ozone","26180","Honolulu, HI","15","Hawaii","003","Honolulu","21.3033819","-157.8711711"
"01/20/1983","150031004","2","0.018","ppm","15","24","100.0000","44201","Ozone","26180","Honolulu, HI","15","Hawaii","003","Honolulu","21.3033819","-157.8711711"
"01/21/1983","150031004","2","0.031","ppm","26","24","100.0000","44201","Ozone","26180","Honolulu, HI","15","Hawaii","003","Honolulu","21.3033819","-157.8711711"
"01/22/1983","150031004","2","0.025","ppm","21","24","100.0000","44201","Ozone","26180","Honolulu, HI","15","Hawaii","003","Honolulu","21.3033819","-157.8711711"
"01/23/1983","150031004","2","0.021","ppm","18","24","100.0000","44201","Ozone","26180","Honolulu, HI","15","Hawaii","003","Honolulu","21.3033819","-157.8711711"
"01/24/1983","150031004","2","0.02","ppm","17","24","100.0000","44201","Ozone","26180","Honolulu, HI","15","Hawaii","003","Honolulu","21.3033819","-157.8711711"
"01/25/1983","150031004","2","0.017","ppm","14","18","75.0000","44201","Ozone","26180","Honolulu, HI","15","Hawaii","003","Honolulu","21.3033819","-157.8711711"
"01/26/1983","150031004","2","0.025","ppm","21","24","100.0000","44201","Ozone","26180","Honolulu, HI","15","Hawaii","003","Honolulu","21.3033819","-157.8711711"
"01/27/1983","150031004","2","0.021","ppm","18","24","100.0000","44201","Ozone","26180","Honolulu, HI","15","Hawaii","003","Honolulu","21.3033819","-157.8711711"
"01/28/1983","150031004","2","0.018","ppm","15","24","100.0000","44201","Ozone","26180","Honolulu, HI","15","Hawaii","003","Honolulu","21.3033819","-157.8711711"
"01/29/1983","150031004","2","0.021","ppm","18","24","100.0000","44201","Ozone","26180","Honolulu, HI","15","Hawaii","003","Honolulu","21.3033819","-157.8711711"
"01/30/1983","150031004","2","0.025","ppm","21","24","100.0000","44201","Ozone","26180","Honolulu, HI","15","Hawaii","003","Honolulu","21.3033819","-157.8711711"
"01/31/1983","150031004","2","0.027","ppm","23","24","100.0000","44201","Ozone","26180","Honolulu, HI","15","Hawaii","003","Honolulu","21.3033819","-157.8711711"
"02/01/1983","150031004","2","0.025","ppm","21","24","100.0000","44201","Ozone","26180","Honolulu, HI","15","Hawaii","003","Honolulu","21.3033819","-157.8711711"
"02/02/1983","150031004","2","0.019","ppm","16","24","100.0000","44201","Ozone","26180","Honolulu, HI","15","Hawaii","003","Honolulu","21.3033819","-157.8711711"
"02/03/1983","150031004","2","0.022","ppm","19","24","100.0000","44201","Ozone","26180","Honolulu, HI","15","Hawaii","003","Honolulu","21.3033819","-157.8711711"
"02/04/1983","150031004","2","0.02","ppm","17","24","100.0000","44201","Ozone","26180","Honolulu, HI","15","Hawaii","003","Honolulu","21.3033819","-157.8711711"
"02/05/1983","150031004","2","0.025","ppm","21","24","100.0000","44201","Ozone","26180","Honolulu, HI","15","Hawaii","003","Honolulu","21.3033819","-157.8711711"
"02/06/1983","150031004","2","0.029","ppm","25","24","100.0000","44201","Ozone","26180","Honolulu, HI","15","Hawaii","003","Honolulu","21.3033819","-157.8711711"
"02/07/1983","150031004","2","0.024","ppm","20","24","100.0000","44201","Ozone","26180","Honolulu, HI","15","Hawaii","003","Honolulu","21.3033819","-157.8711711"
"02/08/1983","150031004","2","0.021","ppm","18","24","100.0000","44201","Ozone","26180","Honolulu, HI","15","Hawaii","003","Honolulu","21.3033819","-157.8711711"
"02/09/1983","150031004","2","0.024","ppm","20","24","100.0000","44201","Ozone","26180","Honolulu, HI","15","Hawaii","003","Honolulu","21.3033819","-157.8711711"
"02/10/1983","150031004","2","0.02","ppm","17","24","100.0000","44201","Ozone","26180","Honolulu, HI","15","Hawaii","003","Honolulu","21.3033819","-157.8711711"
"02/11/1983","150031004","2","0.002","ppm","2","24","100.0000","44201","Ozone","26180","Honolulu, HI","15","Hawaii","003","Honolulu","21.3033819","-157.8711711"
"02/12/1983","150031004","2","0.002","ppm","2","24","100.0000","44201","Ozone","26180","Honolulu, HI","15","Hawaii","003","Honolulu","21.3033819","-157.8711711"
"02/13/1983","150031004","2","0.002","ppm","2","24","100.0000","44201","Ozone","26180","Honolulu, HI","15","Hawaii","003","Honolulu","21.3033819","-157.8711711"
"02/14/1983","150031004","2","0.021","ppm","18","24","100.0000","44201","Ozone","26180","Honolulu, HI","15","Hawaii","003","Honolulu","21.3033819","-157.8711711"
"02/15/1983","150031004","2","0.022","ppm","19","24","100.0000","44201","Ozone","26180","Honolulu, HI","15","Hawaii","003","Honolulu","21.3033819","-157.8711711"
"02/16/1983","150031004","2","0.033","ppm","28","24","100.0000","44201","Ozone","26180","Honolulu, HI","15","Hawaii","003","Honolulu","21.3033819","-157.8711711"
"02/17/1983","150031004","2","0.032","ppm","27","24","100.0000","44201","Ozone","26180","Honolulu, HI","15","Hawaii","003","Honolulu","21.3033819","-157.8711711"
"02/18/1983","150031004","2","0.033","ppm","28","24","100.0000","44201","Ozone","26180","Honolulu, HI","15","Hawaii","003","Honolulu","21.3033819","-157.8711711"
"02/19/1983","150031004","2","0.024","ppm","20","24","100.0000","44201","Ozone","26180","Honolulu, HI","15","Hawaii","003","Honolulu","21.3033819","-157.8711711"
"02/20/1983","150031004","2","0.018","ppm","15","24","100.0000","44201","Ozone","26180","Honolulu, HI","15","Hawaii","003","Honolulu","21.3033819","-157.8711711"
"02/21/1983","150031004","2","0.016","ppm","14","23","96.0000","44201","Ozone","26180","Honolulu, HI","15","Hawaii","003","Honolulu","21.3033819","-157.8711711"
"02/22/1983","150031004","2","0.033","ppm","28","23","96.0000","44201","Ozone","26180","Honolulu, HI","15","Hawaii","003","Honolulu","21.3033819","-157.8711711"
"02/24/1983","150031004","2","0.021","ppm","18","24","100.0000","44201","Ozone","26180","Honolulu, HI","15","Hawaii","003","Honolulu","21.3033819","-157.8711711"
"02/25/1983","150031004","2","0.026","ppm","22","24","100.0000","44201","Ozone","26180","Honolulu, HI","15","Hawaii","003","Honolulu","21.3033819","-157.8711711"
"02/26/1983","150031004","2","0.025","ppm","21","24","100.0000","44201","Ozone","26180","Honolulu, HI","15","Hawaii","003","Honolulu","21.3033819","-157.8711711"
"02/27/1983","150031004","2","0.028","ppm","24","24","100.0000","44201","Ozone","26180","Honolulu, HI","15","Hawaii","003","Honolulu","21.3033819","-157.8711711"
"02/28/1983","150031004","2","0.036","ppm","31","24","100.0000","44201","Ozone","26180","Honolulu, HI","15","Hawaii","003","Honolulu","21.3033819","-157.8711711"
"03/01/1983","150031004","2","0.032","ppm","27","24","100.0000","44201","Ozone","26180","Honolulu, HI","15","Hawaii","003","Honolulu","21.3033819","-157.8711711"
"03/02/1983","150031004","2","0.03","ppm","25","24","100.0000","44201","Ozone","26180","Honolulu, HI","15","Hawaii","003","Honolulu","21.3033819","-157.8711711"
"03/03/1983","150031004","2","0.021","ppm","18","24","100.0000","44201","Ozone","26180","Honolulu, HI","15","Hawaii","003","Honolulu","21.3033819","-157.8711711"
"03/04/1983","150031004","2","0.021","ppm","18","24","100.0000","44201","Ozone","26180","Honolulu, HI","15","Hawaii","003","Honolulu","21.3033819","-157.8711711"
"03/05/1983","150031004","2","0.023","ppm","19","24","100.0000","44201","Ozone","26180","Honolulu, HI","15","Hawaii","003","Honolulu","21.3033819","-157.8711711"
"03/06/1983","150031004","2","0.02","ppm","17","24","100.0000","44201","Ozone","26180","Honolulu, HI","15","Hawaii","003","Honolulu","21.3033819","-157.8711711"
"03/07/1983","150031004","2","0.013","ppm","11","24","100.0000","44201","Ozone","26180","Honolulu, HI","15","Hawaii","003","Honolulu","21.3033819","-157.8711711"
"03/08/1983","150031004","2","0.024","ppm","20","24","100.0000","44201","Ozone","26180","Honolulu, HI","15","Hawaii","003","Honolulu","21.3033819","-157.8711711"
"03/09/1983","150031004","2","0.02","ppm","17","24","100.0000","44201","Ozone","26180","Honolulu, HI","15","Hawaii","003","Honolulu","21.3033819","-157.8711711"
"03/10/1983","150031004","2","0.011","ppm","9","24","100.0000","44201","Ozone","26180","Honolulu, HI","15","Hawaii","003","Honolulu","21.3033819","-157.8711711"
"03/11/1983","150031004","2","0.011","ppm","9","24","100.0000","44201","Ozone","26180","Honolulu, HI","15","Hawaii","003","Honolulu","21.3033819","-157.8711711"
"03/12/1983","150031004","2","0.024","ppm","20","24","100.0000","44201","Ozone","26180","Honolulu, HI","15","Hawaii","003","Honolulu","21.3033819","-157.8711711"
"03/13/1983","150031004","2","0.022","ppm","19","24","100.0000","44201","Ozone","26180","Honolulu, HI","15","Hawaii","003","Honolulu","21.3033819","-157.8711711"
"03/14/1983","150031004","2","0.036","ppm","31","24","100.0000","44201","Ozone","26180","Honolulu, HI","15","Hawaii","003","Honolulu","21.3033819","-157.8711711"
"03/15/1983","150031004","2","0.037","ppm","31","24","100.0000","44201","Ozone","26180","Honolulu, HI","15","Hawaii","003","Honolulu","21.3033819","-157.8711711"
"03/17/1983","150031004","2","0.031","ppm","26","24","100.0000","44201","Ozone","26180","Honolulu, HI","15","Hawaii","003","Honolulu","21.3033819","-157.8711711"
"03/18/1983","150031004","2","0.034","ppm","29","24","100.0000","44201","Ozone","26180","Honolulu, HI","15","Hawaii","003","Honolulu","21.3033819","-157.8711711"
"03/19/1983","150031004","2","0.034","ppm","29","24","100.0000","44201","Ozone","26180","Honolulu, HI","15","Hawaii","003","Honolulu","21.3033819","-157.8711711"
"03/20/1983","150031004","2","0.034","ppm","29","24","100.0000","44201","Ozone","26180","Honolulu, HI","15","Hawaii","003","Honolulu","21.3033819","-157.8711711"
"03/21/1983","150031004","2","0.03","ppm","25","24","100.0000","44201","Ozone","26180","Honolulu, HI","15","Hawaii","003","Honolulu","21.3033819","-157.8711711"
"03/22/1983","150031004","2","0.025","ppm","21","24","100.0000","44201","Ozone","26180","Honolulu, HI","15","Hawaii","003","Honolulu","21.3033819","-157.8711711"
"03/23/1983","150031004","2","0.022","ppm","19","24","100.0000","44201","Ozone","26180","Honolulu, HI","15","Hawaii","003","Honolulu","21.3033819","-157.8711711"
"03/24/1983","150031004","2","0.019","ppm","16","24","100.0000","44201","Ozone","26180","Honolulu, HI","15","Hawaii","003","Honolulu","21.3033819","-157.8711711"
"03/25/1983","150031004","2","0.017","ppm","14","24","100.0000","44201","Ozone","26180","Honolulu, HI","15","Hawaii","003","Honolulu","21.3033819","-157.8711711"
"03/26/1983","150031004","2","0.016","ppm","14","24","100.0000","44201","Ozone","26180","Honolulu, HI","15","Hawaii","003","Honolulu","21.3033819","-157.8711711"
"03/27/1983","150031004","2","0.018","ppm","15","24","100.0000","44201","Ozone","26180","Honolulu, HI","15","Hawaii","003","Honolulu","21.3033819","-157.8711711"
"03/28/1983","150031004","2","0.019","ppm","16","24","100.0000","44201","Ozone","26180","Honolulu, HI","15","Hawaii","003","Honolulu","21.3033819","-157.8711711"
"03/29/1983","150031004","2","0.025","ppm","21","24","100.0000","44201","Ozone","26180","Honolulu, HI","15","Hawaii","003","Honolulu","21.3033819","-157.8711711"
"03/30/1983","150031004","2","0.031","ppm","26","24","100.0000","44201","Ozone","26180","Honolulu, HI","15","Hawaii","003","Honolulu","21.3033819","-157.8711711"
"03/31/1983","150031004","2","0.029","ppm","25","24","100.0000","44201","Ozone","26180","Honolulu, HI","15","Hawaii","003","Honolulu","21.3033819","-157.8711711"
"04/01/1983","150031004","2","0.022","ppm","19","24","100.0000","44201","Ozone","26180","Honolulu, HI","15","Hawaii","003","Honolulu","21.3033819","-157.8711711"
"04/02/1983","150031004","2","0.018","ppm","15","24","100.0000","44201","Ozone","26180","Honolulu, HI","15","Hawaii","003","Honolulu","21.3033819","-157.8711711"
"04/03/1983","150031004","2","0.026","ppm","22","24","100.0000","44201","Ozone","26180","Honolulu, HI","15","Hawaii","003","Honolulu","21.3033819","-157.8711711"
"04/04/1983","150031004","2","0.024","ppm","20","24","100.0000","44201","Ozone","26180","Honolulu, HI","15","Hawaii","003","Honolulu","21.3033819","-157.8711711"
"04/05/1983","150031004","2","0.024","ppm","20","24","100.0000","44201","Ozone","26180","Honolulu, HI","15","Hawaii","003","Honolulu","21.3033819","-157.8711711"
"04/06/1983","150031004","2","0.026","ppm","22","24","100.0000","44201","Ozone","26180","Honolulu, HI","15","Hawaii","003","Honolulu","21.3033819","-157.8711711"
"04/07/1983","150031004","2","0.032","ppm","27","24","100.0000","44201","Ozone","26180","Honolulu, HI","15","Hawaii","003","Honolulu","21.3033819","-157.8711711"
"04/08/1983","150031004","2","0.036","ppm","31","24","100.0000","44201","Ozone","26180","Honolulu, HI","15","Hawaii","003","Honolulu","21.3033819","-157.8711711"
"04/09/1983","150031004","2","0.028","ppm","24","24","100.0000","44201","Ozone","26180","Honolulu, HI","15","Hawaii","003","Honolulu","21.3033819","-157.8711711"
"04/10/1983","150031004","2","0.029","ppm","25","24","100.0000","44201","Ozone","26180","Honolulu, HI","15","Hawaii","003","Honolulu","21.3033819","-157.8711711"
"04/11/1983","150031004","2","0.024","ppm","20","24","100.0000","44201","Ozone","26180","Honolulu, HI","15","Hawaii","003","Honolulu","21.3033819","-157.8711711"
"04/12/1983","150031004","2","0.023","ppm","19","24","100.0000","44201","Ozone","26180","Honolulu, HI","15","Hawaii","003","Honolulu","21.3033819","-157.8711711"
"04/13/1983","150031004","2","0.025","ppm","21","24","100.0000","44201","Ozone","26180","Honolulu, HI","15","Hawaii","003","Honolulu","21.3033819","-157.8711711"
"04/14/1983","150031004","2","0.029","ppm","25","24","100.0000","44201","Ozone","26180","Honolulu, HI","15","Hawaii","003","Honolulu","21.3033819","-157.8711711"
"04/15/1983","150031004","2","0.029","ppm","25","24","100.0000","44201","Ozone","26180","Honolulu, HI","15","Hawaii","003","Honolulu","21.3033819","-157.8711711"
"04/16/1983","150031004","2","0.027","ppm","23","24","100.0000","44201","Ozone","26180","Honolulu, HI","15","Hawaii","003","Honolulu","21.3033819","-157.8711711"
"04/17/1983","150031004","2","0.032","ppm","27","24","100.0000","44201","Ozone","26180","Honolulu, HI","15","Hawaii","003","Honolulu","21.3033819","-157.8711711"
"04/18/1983","150031004","2","0.03","ppm","25","24","100.0000","44201","Ozone","26180","Honolulu, HI","15","Hawaii","003","Honolulu","21.3033819","-157.8711711"
"04/19/1983","150031004","2","0.035","ppm","30","24","100.0000","44201","Ozone","26180","Honolulu, HI","15","Hawaii","003","Honolulu","21.3033819","-157.8711711"
"04/20/1983","150031004","2","0.033","ppm","28","24","100.0000","44201","Ozone","26180","Honolulu, HI","15","Hawaii","003","Honolulu","21.3033819","-157.8711711"
"04/21/1983","150031004","2","0.034","ppm","29","24","100.0000","44201","Ozone","26180","Honolulu, HI","15","Hawaii","003","Honolulu","21.3033819","-157.8711711"
"04/22/1983","150031004","2","0.031","ppm","26","24","100.0000","44201","Ozone","26180","Honolulu, HI","15","Hawaii","003","Honolulu","21.3033819","-157.8711711"
"04/23/1983","150031004","2","0.031","ppm","26","24","100.0000","44201","Ozone","26180","Honolulu, HI","15","Hawaii","003","Honolulu","21.3033819","-157.8711711"
"04/24/1983","150031004","2","0.025","ppm","21","24","100.0000","44201","Ozone","26180","Honolulu, HI","15","Hawaii","003","Honolulu","21.3033819","-157.8711711"
"04/25/1983","150031004","2","0.024","ppm","20","24","100.0000","44201","Ozone","26180","Honolulu, HI","15","Hawaii","003","Honolulu","21.3033819","-157.8711711"
"04/26/1983","150031004","2","0.036","ppm","31","24","100.0000","44201","Ozone","26180","Honolulu, HI","15","Hawaii","003","Honolulu","21.3033819","-157.8711711"
"04/27/1983","150031004","2","0.037","ppm","31","24","100.0000","44201","Ozone","26180","Honolulu, HI","15","Hawaii","003","Honolulu","21.3033819","-157.8711711"
"04/28/1983","150031004","2","0.041","ppm","35","24","100.0000","44201","Ozone","26180","Honolulu, HI","15","Hawaii","003","Honolulu","21.3033819","-157.8711711"
"04/29/1983","150031004","2","0.043","ppm","36","24","100.0000","44201","Ozone","26180","Honolulu, HI","15","Hawaii","003","Honolulu","21.3033819","-157.8711711"
"04/30/1983","150031004","2","0.042","ppm","36","24","100.0000","44201","Ozone","26180","Honolulu, HI","15","Hawaii","003","Honolulu","21.3033819","-157.8711711"
"05/01/1983","150031004","2","0.038","ppm","32","24","100.0000","44201","Ozone","26180","Honolulu, HI","15","Hawaii","003","Honolulu","21.3033819","-157.8711711"
"05/02/1983","150031004","2","0.035","ppm","30","24","100.0000","44201","Ozone","26180","Honolulu, HI","15","Hawaii","003","Honolulu","21.3033819","-157.8711711"
"05/03/1983","150031004","2","0.033","ppm","28","24","100.0000","44201","Ozone","26180","Honolulu, HI","15","Hawaii","003","Honolulu","21.3033819","-157.8711711"
"05/04/1983","150031004","2","0.026","ppm","22","24","100.0000","44201","Ozone","26180","Honolulu, HI","15","Hawaii","003","Honolulu","21.3033819","-157.8711711"
"05/05/1983","150031004","2","0.032","ppm","27","24","100.0000","44201","Ozone","26180","Honolulu, HI","15","Hawaii","003","Honolulu","21.3033819","-157.8711711"
"05/06/1983","150031004","2","0.031","ppm","26","22","92.0000","44201","Ozone","26180","Honolulu, HI","15","Hawaii","003","Honolulu","21.3033819","-157.8711711"
"05/07/1983","150031004","2","0.028","ppm","24","24","100.0000","44201","Ozone","26180","Honolulu, HI","15","Hawaii","003","Honolulu","21.3033819","-157.8711711"
"05/08/1983","150031004","2","0.026","ppm","22","24","100.0000","44201","Ozone","26180","Honolulu, HI","15","Hawaii","003","Honolulu","21.3033819","-157.8711711"
"05/09/1983","150031004","2","0.022","ppm","19","21","88.0000","44201","Ozone","26180","Honolulu, HI","15","Hawaii","003","Honolulu","21.3033819","-157.8711711"
"05/10/1983","150031004","2","0.017","ppm","14","24","100.0000","44201","Ozone","26180","Honolulu, HI","15","Hawaii","003","Honolulu","21.3033819","-157.8711711"
"05/11/1983","150031004","2","0.019","ppm","16","24","100.0000","44201","Ozone","26180","Honolulu, HI","15","Hawaii","003","Honolulu","21.3033819","-157.8711711"
"05/12/1983","150031004","2","0.026","ppm","22","24","100.0000","44201","Ozone","26180","Honolulu, HI","15","Hawaii","003","Honolulu","21.3033819","-157.8711711"
"05/13/1983","150031004","2","0.023","ppm","19","24","100.0000","44201","Ozone","26180","Honolulu, HI","15","Hawaii","003","Honolulu","21.3033819","-157.8711711"
"05/14/1983","150031004","2","0.023","ppm","19","24","100.0000","44201","Ozone","26180","Honolulu, HI","15","Hawaii","003","Honolulu","21.3033819","-157.8711711"
"05/15/1983","150031004","2","0.027","ppm","23","24","100.0000","44201","Ozone","26180","Honolulu, HI","15","Hawaii","003","Honolulu","21.3033819","-157.8711711"
"05/16/1983","150031004","2","0.017","ppm","14","24","100.0000","44201","Ozone","26180","Honolulu, HI","15","Hawaii","003","Honolulu","21.3033819","-157.8711711"
"05/17/1983","150031004","2","0.017","ppm","14","24","100.0000","44201","Ozone","26180","Honolulu, HI","15","Hawaii","003","Honolulu","21.3033819","-157.8711711"
"05/18/1983","150031004","2","0.023","ppm","19","24","100.0000","44201","Ozone","26180","Honolulu, HI","15","Hawaii","003","Honolulu","21.3033819","-157.8711711"
"05/19/1983","150031004","2","0.027","ppm","23","24","100.0000","44201","Ozone","26180","Honolulu, HI","15","Hawaii","003","Honolulu","21.3033819","-157.8711711"
"05/20/1983","150031004","2","0.032","ppm","27","24","100.0000","44201","Ozone","26180","Honolulu, HI","15","Hawaii","003","Honolulu","21.3033819","-157.8711711"
"05/21/1983","150031004","2","0.034","ppm","29","24","100.0000","44201","Ozone","26180","Honolulu, HI","15","Hawaii","003","Honolulu","21.3033819","-157.8711711"
"05/22/1983","150031004","2","0.035","ppm","30","24","100.0000","44201","Ozone","26180","Honolulu, HI","15","Hawaii","003","Honolulu","21.3033819","-157.8711711"
"05/23/1983","150031004","2","0.027","ppm","23","24","100.0000","44201","Ozone","26180","Honolulu, HI","15","Hawaii","003","Honolulu","21.3033819","-157.8711711"
"05/24/1983","150031004","2","0.029","ppm","25","24","100.0000","44201","Ozone","26180","Honolulu, HI","15","Hawaii","003","Honolulu","21.3033819","-157.8711711"
"05/25/1983","150031004","2","0.027","ppm","23","24","100.0000","44201","Ozone","26180","Honolulu, HI","15","Hawaii","003","Honolulu","21.3033819","-157.8711711"
"05/26/1983","150031004","2","0.023","ppm","19","24","100.0000","44201","Ozone","26180","Honolulu, HI","15","Hawaii","003","Honolulu","21.3033819","-157.8711711"
"05/27/1983","150031004","2","0.02","ppm","17","24","100.0000","44201","Ozone","26180","Honolulu, HI","15","Hawaii","003","Honolulu","21.3033819","-157.8711711"
"05/28/1983","150031004","2","0.013","ppm","11","24","100.0000","44201","Ozone","26180","Honolulu, HI","15","Hawaii","003","Honolulu","21.3033819","-157.8711711"
"05/29/1983","150031004","2","0.01","ppm","8","24","100.0000","44201","Ozone","26180","Honolulu, HI","15","Hawaii","003","Honolulu","21.3033819","-157.8711711"
"05/30/1983","150031004","2","0.011","ppm","9","24","100.0000","44201","Ozone","26180","Honolulu, HI","15","Hawaii","003","Honolulu","21.3033819","-157.8711711"
"05/31/1983","150031004","2","0.009","ppm","8","24","100.0000","44201","Ozone","26180","Honolulu, HI","15","Hawaii","003","Honolulu","21.3033819","-157.8711711"
"06/01/1983","150031004","2","0.009","ppm","8","24","100.0000","44201","Ozone","26180","Honolulu, HI","15","Hawaii","003","Honolulu","21.3033819","-157.8711711"
"06/02/1983","150031004","2","0.017","ppm","14","24","100.0000","44201","Ozone","26180","Honolulu, HI","15","Hawaii","003","Honolulu","21.3033819","-157.8711711"
"06/03/1983","150031004","2","0.015","ppm","13","24","100.0000","44201","Ozone","26180","Honolulu, HI","15","Hawaii","003","Honolulu","21.3033819","-157.8711711"
"06/04/1983","150031004","2","0.013","ppm","11","24","100.0000","44201","Ozone","26180","Honolulu, HI","15","Hawaii","003","Honolulu","21.3033819","-157.8711711"
"06/05/1983","150031004","2","0.013","ppm","11","24","100.0000","44201","Ozone","26180","Honolulu, HI","15","Hawaii","003","Honolulu","21.3033819","-157.8711711"
"06/06/1983","150031004","2","0.016","ppm","14","24","100.0000","44201","Ozone","26180","Honolulu, HI","15","Hawaii","003","Honolulu","21.3033819","-157.8711711"
"06/07/1983","150031004","2","0.024","ppm","20","24","100.0000","44201","Ozone","26180","Honolulu, HI","15","Hawaii","003","Honolulu","21.3033819","-157.8711711"
"06/08/1983","150031004","2","0.024","ppm","20","24","100.0000","44201","Ozone","26180","Honolulu, HI","15","Hawaii","003","Honolulu","21.3033819","-157.8711711"
"06/09/1983","150031004","2","0.026","ppm","22","24","100.0000","44201","Ozone","26180","Honolulu, HI","15","Hawaii","003","Honolulu","21.3033819","-157.8711711"
"06/10/1983","150031004","2","0.024","ppm","20","24","100.0000","44201","Ozone","26180","Honolulu, HI","15","Hawaii","003","Honolulu","21.3033819","-157.8711711"
"06/11/1983","150031004","2","0.023","ppm","19","24","100.0000","44201","Ozone","26180","Honolulu, HI","15","Hawaii","003","Honolulu","21.3033819","-157.8711711"
"06/12/1983","150031004","2","0.022","ppm","19","24","100.0000","44201","Ozone","26180","Honolulu, HI","15","Hawaii","003","Honolulu","21.3033819","-157.8711711"
"06/13/1983","150031004","2","0.016","ppm","14","24","100.0000","44201","Ozone","26180","Honolulu, HI","15","Hawaii","003","Honolulu","21.3033819","-157.8711711"
"06/14/1983","150031004","2","0.011","ppm","9","24","100.0000","44201","Ozone","26180","Honolulu, HI","15","Hawaii","003","Honolulu","21.3033819","-157.8711711"
"06/15/1983","150031004","2","0.004","ppm","3","24","100.0000","44201","Ozone","26180","Honolulu, HI","15","Hawaii","003","Honolulu","21.3033819","-157.8711711"
"06/16/1983","150031004","2","0.015","ppm","13","24","100.0000","44201","Ozone","26180","Honolulu, HI","15","Hawaii","003","Honolulu","21.3033819","-157.8711711"
"06/17/1983","150031004","2","0.017","ppm","14","24","100.0000","44201","Ozone","26180","Honolulu, HI","15","Hawaii","003","Honolulu","21.3033819","-157.8711711"
"06/18/1983","150031004","2","0.015","ppm","13","24","100.0000","44201","Ozone","26180","Honolulu, HI","15","Hawaii","003","Honolulu","21.3033819","-157.8711711"
"06/19/1983","150031004","2","0.018","ppm","15","24","100.0000","44201","Ozone","26180","Honolulu, HI","15","Hawaii","003","Honolulu","21.3033819","-157.8711711"
"06/20/1983","150031004","2","0.018","ppm","15","24","100.0000","44201","Ozone","26180","Honolulu, HI","15","Hawaii","003","Honolulu","21.3033819","-157.8711711"
"06/21/1983","150031004","2","0.022","ppm","19","24","100.0000","44201","Ozone","26180","Honolulu, HI","15","Hawaii","003","Honolulu","21.3033819","-157.8711711"
"06/22/1983","150031004","2","0.023","ppm","19","24","100.0000","44201","Ozone","26180","Honolulu, HI","15","Hawaii","003","Honolulu","21.3033819","-157.8711711"
"06/23/1983","150031004","2","0.022","ppm","19","24","100.0000","44201","Ozone","26180","Honolulu, HI","15","Hawaii","003","Honolulu","21.3033819","-157.8711711"
"06/24/1983","150031004","2","0.012","ppm","10","24","100.0000","44201","Ozone","26180","Honolulu, HI","15","Hawaii","003","Honolulu","21.3033819","-157.8711711"
"06/25/1983","150031004","2","0.009","ppm","8","24","100.0000","44201","Ozone","26180","Honolulu, HI","15","Hawaii","003","Honolulu","21.3033819","-157.8711711"
"06/26/1983","150031004","2","0.014","ppm","12","24","100.0000","44201","Ozone","26180","Honolulu, HI","15","Hawaii","003","Honolulu","21.3033819","-157.8711711"
"06/27/1983","150031004","2","0.01","ppm","8","24","100.0000","44201","Ozone","26180","Honolulu, HI","15","Hawaii","003","Honolulu","21.3033819","-157.8711711"
"06/28/1983","150031004","2","0.013","ppm","11","24","100.0000","44201","Ozone","26180","Honolulu, HI","15","Hawaii","003","Honolulu","21.3033819","-157.8711711"
"06/29/1983","150031004","2","0.013","ppm","11","24","100.0000","44201","Ozone","26180","Honolulu, HI","15","Hawaii","003","Honolulu","21.3033819","-157.8711711"
"06/30/1983","150031004","2","0.013","ppm","11","24","100.0000","44201","Ozone","26180","Honolulu, HI","15","Hawaii","003","Honolulu","21.3033819","-157.8711711"
"07/01/1983","150031004","2","0.018","ppm","15","24","100.0000","44201","Ozone","26180","Honolulu, HI","15","Hawaii","003","Honolulu","21.3033819","-157.8711711"
"07/02/1983","150031004","2","0.015","ppm","13","24","100.0000","44201","Ozone","26180","Honolulu, HI","15","Hawaii","003","Honolulu","21.3033819","-157.8711711"
"07/03/1983","150031004","2","0.014","ppm","12","24","100.0000","44201","Ozone","26180","Honolulu, HI","15","Hawaii","003","Honolulu","21.3033819","-157.8711711"
"07/04/1983","150031004","2","0.014","ppm","12","24","100.0000","44201","Ozone","26180","Honolulu, HI","15","Hawaii","003","Honolulu","21.3033819","-157.8711711"
"07/05/1983","150031004","2","0.004","ppm","3","18","75.0000","44201","Ozone","26180","Honolulu, HI","15","Hawaii","003","Honolulu","21.3033819","-157.8711711"
"07/06/1983","150031004","2","0.002","ppm","2","24","100.0000","44201","Ozone","26180","Honolulu, HI","15","Hawaii","003","Honolulu","21.3033819","-157.8711711"
"07/07/1983","150031004","2","0.009","ppm","8","24","100.0000","44201","Ozone","26180","Honolulu, HI","15","Hawaii","003","Honolulu","21.3033819","-157.8711711"
"07/08/1983","150031004","2","0.015","ppm","13","24","100.0000","44201","Ozone","26180","Honolulu, HI","15","Hawaii","003","Honolulu","21.3033819","-157.8711711"
"07/09/1983","150031004","2","0.015","ppm","13","24","100.0000","44201","Ozone","26180","Honolulu, HI","15","Hawaii","003","Honolulu","21.3033819","-157.8711711"
"07/10/1983","150031004","2","0.018","ppm","15","24","100.0000","44201","Ozone","26180","Honolulu, HI","15","Hawaii","003","Honolulu","21.3033819","-157.8711711"
"07/11/1983","150031004","2","0.012","ppm","10","24","100.0000","44201","Ozone","26180","Honolulu, HI","15","Hawaii","003","Honolulu","21.3033819","-157.8711711"
"07/12/1983","150031004","2","0.011","ppm","9","24","100.0000","44201","Ozone","26180","Honolulu, HI","15","Hawaii","003","Honolulu","21.3033819","-157.8711711"
"07/13/1983","150031004","2","0.01","ppm","8","24","100.0000","44201","Ozone","26180","Honolulu, HI","15","Hawaii","003","Honolulu","21.3033819","-157.8711711"
"07/14/1983","150031004","2","0.008","ppm","7","24","100.0000","44201","Ozone","26180","Honolulu, HI","15","Hawaii","003","Honolulu","21.3033819","-157.8711711"
"07/15/1983","150031004","2","0.006","ppm","5","24","100.0000","44201","Ozone","26180","Honolulu, HI","15","Hawaii","003","Honolulu","21.3033819","-157.8711711"
"07/16/1983","150031004","2","0.007","ppm","6","24","100.0000","44201","Ozone","26180","Honolulu, HI","15","Hawaii","003","Honolulu","21.3033819","-157.8711711"
"07/17/1983","150031004","2","0.006","ppm","5","24","100.0000","44201","Ozone","26180","Honolulu, HI","15","Hawaii","003","Honolulu","21.3033819","-157.8711711"
"07/18/1983","150031004","2","0.002","ppm","2","24","100.0000","44201","Ozone","26180","Honolulu, HI","15","Hawaii","003","Honolulu","21.3033819","-157.8711711"
"07/19/1983","150031004","2","0.006","ppm","5","24","100.0000","44201","Ozone","26180","Honolulu, HI","15","Hawaii","003","Honolulu","21.3033819","-157.8711711"
"07/20/1983","150031004","2","0.006","ppm","5","24","100.0000","44201","Ozone","26180","Honolulu, HI","15","Hawaii","003","Honolulu","21.3033819","-157.8711711"
"07/21/1983","150031004","2","0.008","ppm","7","24","100.0000","44201","Ozone","26180","Honolulu, HI","15","Hawaii","003","Honolulu","21.3033819","-157.8711711"
"07/22/1983","150031004","2","0.009","ppm","8","24","100.0000","44201","Ozone","26180","Honolulu, HI","15","Hawaii","003","Honolulu","21.3033819","-157.8711711"
"07/23/1983","150031004","2","0.015","ppm","13","24","100.0000","44201","Ozone","26180","Honolulu, HI","15","Hawaii","003","Honolulu","21.3033819","-157.8711711"
"07/24/1983","150031004","2","0.017","ppm","14","24","100.0000","44201","Ozone","26180","Honolulu, HI","15","Hawaii","003","Honolulu","21.3033819","-157.8711711"
"07/25/1983","150031004","2","0.016","ppm","14","24","100.0000","44201","Ozone","26180","Honolulu, HI","15","Hawaii","003","Honolulu","21.3033819","-157.8711711"
"07/26/1983","150031004","2","0.02","ppm","17","24","100.0000","44201","Ozone","26180","Honolulu, HI","15","Hawaii","003","Honolulu","21.3033819","-157.8711711"
"07/27/1983","150031004","2","0.018","ppm","15","24","100.0000","44201","Ozone","26180","Honolulu, HI","15","Hawaii","003","Honolulu","21.3033819","-157.8711711"
"07/28/1983","150031004","2","0.015","ppm","13","24","100.0000","44201","Ozone","26180","Honolulu, HI","15","Hawaii","003","Honolulu","21.3033819","-157.8711711"
"07/29/1983","150031004","2","0.007","ppm","6","24","100.0000","44201","Ozone","26180","Honolulu, HI","15","Hawaii","003","Honolulu","21.3033819","-157.8711711"
"07/30/1983","150031004","2","0.011","ppm","9","24","100.0000","44201","Ozone","26180","Honolulu, HI","15","Hawaii","003","Honolulu","21.3033819","-157.8711711"
"07/31/1983","150031004","2","0.013","ppm","11","24","100.0000","44201","Ozone","26180","Honolulu, HI","15","Hawaii","003","Honolulu","21.3033819","-157.8711711"
"08/01/1983","150031004","2","0.011","ppm","9","24","100.0000","44201","Ozone","26180","Honolulu, HI","15","Hawaii","003","Honolulu","21.3033819","-157.8711711"
"08/02/1983","150031004","2","0.009","ppm","8","24","100.0000","44201","Ozone","26180","Honolulu, HI","15","Hawaii","003","Honolulu","21.3033819","-157.8711711"
"08/03/1983","150031004","2","0.007","ppm","6","24","100.0000","44201","Ozone","26180","Honolulu, HI","15","Hawaii","003","Honolulu","21.3033819","-157.8711711"
"08/04/1983","150031004","2","0.01","ppm","8","24","100.0000","44201","Ozone","26180","Honolulu, HI","15","Hawaii","003","Honolulu","21.3033819","-157.8711711"
"08/05/1983","150031004","2","0.013","ppm","11","24","100.0000","44201","Ozone","26180","Honolulu, HI","15","Hawaii","003","Honolulu","21.3033819","-157.8711711"
"08/06/1983","150031004","2","0.012","ppm","10","24","100.0000","44201","Ozone","26180","Honolulu, HI","15","Hawaii","003","Honolulu","21.3033819","-157.8711711"
"08/07/1983","150031004","2","0.013","ppm","11","24","100.0000","44201","Ozone","26180","Honolulu, HI","15","Hawaii","003","Honolulu","21.3033819","-157.8711711"
"08/08/1983","150031004","2","0.01","ppm","8","24","100.0000","44201","Ozone","26180","Honolulu, HI","15","Hawaii","003","Honolulu","21.3033819","-157.8711711"
"08/09/1983","150031004","2","0.017","ppm","14","24","100.0000","44201","Ozone","26180","Honolulu, HI","15","Hawaii","003","Honolulu","21.3033819","-157.8711711"
"08/10/1983","150031004","2","0.018","ppm","15","24","100.0000","44201","Ozone","26180","Honolulu, HI","15","Hawaii","003","Honolulu","21.3033819","-157.8711711"
"08/11/1983","150031004","2","0.013","ppm","11","24","100.0000","44201","Ozone","26180","Honolulu, HI","15","Hawaii","003","Honolulu","21.3033819","-157.8711711"
"08/12/1983","150031004","2","0.007","ppm","6","24","100.0000","44201","Ozone","26180","Honolulu, HI","15","Hawaii","003","Honolulu","21.3033819","-157.8711711"
"08/13/1983","150031004","2","0.002","ppm","2","24","100.0000","44201","Ozone","26180","Honolulu, HI","15","Hawaii","003","Honolulu","21.3033819","-157.8711711"
"08/14/1983","150031004","2","0.002","ppm","2","24","100.0000","44201","Ozone","26180","Honolulu, HI","15","Hawaii","003","Honolulu","21.3033819","-157.8711711"
"08/15/1983","150031004","2","0.008","ppm","7","19","79.0000","44201","Ozone","26180","Honolulu, HI","15","Hawaii","003","Honolulu","21.3033819","-157.8711711"
"08/16/1983","150031004","2","0.013","ppm","11","24","100.0000","44201","Ozone","26180","Honolulu, HI","15","Hawaii","003","Honolulu","21.3033819","-157.8711711"
"08/17/1983","150031004","2","0.014","ppm","12","24","100.0000","44201","Ozone","26180","Honolulu, HI","15","Hawaii","003","Honolulu","21.3033819","-157.8711711"
"08/18/1983","150031004","2","0.015","ppm","13","24","100.0000","44201","Ozone","26180","Honolulu, HI","15","Hawaii","003","Honolulu","21.3033819","-157.8711711"
"08/19/1983","150031004","2","0.019","ppm","16","24","100.0000","44201","Ozone","26180","Honolulu, HI","15","Hawaii","003","Honolulu","21.3033819","-157.8711711"
"08/20/1983","150031004","2","0.017","ppm","14","24","100.0000","44201","Ozone","26180","Honolulu, HI","15","Hawaii","003","Honolulu","21.3033819","-157.8711711"
"08/21/1983","150031004","2","0.017","ppm","14","24","100.0000","44201","Ozone","26180","Honolulu, HI","15","Hawaii","003","Honolulu","21.3033819","-157.8711711"
"08/22/1983","150031004","2","0.016","ppm","14","24","100.0000","44201","Ozone","26180","Honolulu, HI","15","Hawaii","003","Honolulu","21.3033819","-157.8711711"
"08/23/1983","150031004","2","0.014","ppm","12","24","100.0000","44201","Ozone","26180","Honolulu, HI","15","Hawaii","003","Honolulu","21.3033819","-157.8711711"
"08/24/1983","150031004","2","0.014","ppm","12","24","100.0000","44201","Ozone","26180","Honolulu, HI","15","Hawaii","003","Honolulu","21.3033819","-157.8711711"
"08/25/1983","150031004","2","0.016","ppm","14","24","100.0000","44201","Ozone","26180","Honolulu, HI","15","Hawaii","003","Honolulu","21.3033819","-157.8711711"
"08/26/1983","150031004","2","0.014","ppm","12","24","100.0000","44201","Ozone","26180","Honolulu, HI","15","Hawaii","003","Honolulu","21.3033819","-157.8711711"
"08/27/1983","150031004","2","0.016","ppm","14","24","100.0000","44201","Ozone","26180","Honolulu, HI","15","Hawaii","003","Honolulu","21.3033819","-157.8711711"
"08/28/1983","150031004","2","0.016","ppm","14","24","100.0000","44201","Ozone","26180","Honolulu, HI","15","Hawaii","003","Honolulu","21.3033819","-157.8711711"
"08/29/1983","150031004","2","0.01","ppm","8","24","100.0000","44201","Ozone","26180","Honolulu, HI","15","Hawaii","003","Honolulu","21.3033819","-157.8711711"
"08/30/1983","150031004","2","0.008","ppm","7","24","100.0000","44201","Ozone","26180","Honolulu, HI","15","Hawaii","003","Honolulu","21.3033819","-157.8711711"
"08/31/1983","150031004","2","0.006","ppm","5","24","100.0000","44201","Ozone","26180","Honolulu, HI","15","Hawaii","003","Honolulu","21.3033819","-157.8711711"
"09/01/1983","150031004","2","0.008","ppm","7","24","100.0000","44201","Ozone","26180","Honolulu, HI","15","Hawaii","003","Honolulu","21.3033819","-157.8711711"
"09/02/1983","150031004","2","0.007","ppm","6","24","100.0000","44201","Ozone","26180","Honolulu, HI","15","Hawaii","003","Honolulu","21.3033819","-157.8711711"
"09/03/1983","150031004","2","0.01","ppm","8","24","100.0000","44201","Ozone","26180","Honolulu, HI","15","Hawaii","003","Honolulu","21.3033819","-157.8711711"
"09/04/1983","150031004","2","0.009","ppm","8","24","100.0000","44201","Ozone","26180","Honolulu, HI","15","Hawaii","003","Honolulu","21.3033819","-157.8711711"
"09/05/1983","150031004","2","0.01","ppm","8","24","100.0000","44201","Ozone","26180","Honolulu, HI","15","Hawaii","003","Honolulu","21.3033819","-157.8711711"
"09/06/1983","150031004","2","0.004","ppm","3","24","100.0000","44201","Ozone","26180","Honolulu, HI","15","Hawaii","003","Honolulu","21.3033819","-157.8711711"
"09/07/1983","150031004","2","0.007","ppm","6","24","100.0000","44201","Ozone","26180","Honolulu, HI","15","Hawaii","003","Honolulu","21.3033819","-157.8711711"
"09/08/1983","150031004","2","0.015","ppm","13","24","100.0000","44201","Ozone","26180","Honolulu, HI","15","Hawaii","003","Honolulu","21.3033819","-157.8711711"
"09/09/1983","150031004","2","0.02","ppm","17","24","100.0000","44201","Ozone","26180","Honolulu, HI","15","Hawaii","003","Honolulu","21.3033819","-157.8711711"
"09/10/1983","150031004","2","0.018","ppm","15","24","100.0000","44201","Ozone","26180","Honolulu, HI","15","Hawaii","003","Honolulu","21.3033819","-157.8711711"
"09/11/1983","150031004","2","0.019","ppm","16","24","100.0000","44201","Ozone","26180","Honolulu, HI","15","Hawaii","003","Honolulu","21.3033819","-157.8711711"
"09/12/1983","150031004","2","0.019","ppm","16","24","100.0000","44201","Ozone","26180","Honolulu, HI","15","Hawaii","003","Honolulu","21.3033819","-157.8711711"
"09/13/1983","150031004","2","0.021","ppm","18","24","100.0000","44201","Ozone","26180","Honolulu, HI","15","Hawaii","003","Honolulu","21.3033819","-157.8711711"
"09/14/1983","150031004","2","0.015","ppm","13","24","100.0000","44201","Ozone","26180","Honolulu, HI","15","Hawaii","003","Honolulu","21.3033819","-157.8711711"
"09/15/1983","150031004","2","0.013","ppm","11","24","100.0000","44201","Ozone","26180","Honolulu, HI","15","Hawaii","003","Honolulu","21.3033819","-157.8711711"
"09/16/1983","150031004","2","0.011","ppm","9","24","100.0000","44201","Ozone","26180","Honolulu, HI","15","Hawaii","003","Honolulu","21.3033819","-157.8711711"
"09/17/1983","150031004","2","0.015","ppm","13","24","100.0000","44201","Ozone","26180","Honolulu, HI","15","Hawaii","003","Honolulu","21.3033819","-157.8711711"
"09/18/1983","150031004","2","0.019","ppm","16","24","100.0000","44201","Ozone","26180","Honolulu, HI","15","Hawaii","003","Honolulu","21.3033819","-157.8711711"
"09/19/1983","150031004","2","0.019","ppm","16","24","100.0000","44201","Ozone","26180","Honolulu, HI","15","Hawaii","003","Honolulu","21.3033819","-157.8711711"
"09/20/1983","150031004","2","0.02","ppm","17","24","100.0000","44201","Ozone","26180","Honolulu, HI","15","Hawaii","003","Honolulu","21.3033819","-157.8711711"
"09/21/1983","150031004","2","0.015","ppm","13","24","100.0000","44201","Ozone","26180","Honolulu, HI","15","Hawaii","003","Honolulu","21.3033819","-157.8711711"
"09/22/1983","150031004","2","0.012","ppm","10","24","100.0000","44201","Ozone","26180","Honolulu, HI","15","Hawaii","003","Honolulu","21.3033819","-157.8711711"
"09/23/1983","150031004","2","0.014","ppm","12","24","100.0000","44201","Ozone","26180","Honolulu, HI","15","Hawaii","003","Honolulu","21.3033819","-157.8711711"
"09/24/1983","150031004","2","0.01","ppm","8","24","100.0000","44201","Ozone","26180","Honolulu, HI","15","Hawaii","003","Honolulu","21.3033819","-157.8711711"
"09/25/1983","150031004","2","0.011","ppm","9","24","100.0000","44201","Ozone","26180","Honolulu, HI","15","Hawaii","003","Honolulu","21.3033819","-157.8711711"
"09/26/1983","150031004","2","0.017","ppm","14","24","100.0000","44201","Ozone","26180","Honolulu, HI","15","Hawaii","003","Honolulu","21.3033819","-157.8711711"
"09/27/1983","150031004","2","0.018","ppm","15","24","100.0000","44201","Ozone","26180","Honolulu, HI","15","Hawaii","003","Honolulu","21.3033819","-157.8711711"
"09/28/1983","150031004","2","0.014","ppm","12","24","100.0000","44201","Ozone","26180","Honolulu, HI","15","Hawaii","003","Honolulu","21.3033819","-157.8711711"
"09/29/1983","150031004","2","0.014","ppm","12","24","100.0000","44201","Ozone","26180","Honolulu, HI","15","Hawaii","003","Honolulu","21.3033819","-157.8711711"
"09/30/1983","150031004","2","0.024","ppm","20","24","100.0000","44201","Ozone","26180","Honolulu, HI","15","Hawaii","003","Honolulu","21.3033819","-157.8711711"
"10/01/1983","150031004","2","0.023","ppm","19","24","100.0000","44201","Ozone","26180","Honolulu, HI","15","Hawaii","003","Honolulu","21.3033819","-157.8711711"
"10/02/1983","150031004","2","0.023","ppm","19","24","100.0000","44201","Ozone","26180","Honolulu, HI","15","Hawaii","003","Honolulu","21.3033819","-157.8711711"
"10/03/1983","150031004","2","0.016","ppm","14","24","100.0000","44201","Ozone","26180","Honolulu, HI","15","Hawaii","003","Honolulu","21.3033819","-157.8711711"
"10/04/1983","150031004","2","0.017","ppm","14","24","100.0000","44201","Ozone","26180","Honolulu, HI","15","Hawaii","003","Honolulu","21.3033819","-157.8711711"
"10/05/1983","150031004","2","0.022","ppm","19","24","100.0000","44201","Ozone","26180","Honolulu, HI","15","Hawaii","003","Honolulu","21.3033819","-157.8711711"
"10/06/1983","150031004","2","0.021","ppm","18","24","100.0000","44201","Ozone","26180","Honolulu, HI","15","Hawaii","003","Honolulu","21.3033819","-157.8711711"
"10/07/1983","150031004","2","0.023","ppm","19","24","100.0000","44201","Ozone","26180","Honolulu, HI","15","Hawaii","003","Honolulu","21.3033819","-157.8711711"
"10/08/1983","150031004","2","0.034","ppm","29","24","100.0000","44201","Ozone","26180","Honolulu, HI","15","Hawaii","003","Honolulu","21.3033819","-157.8711711"
"10/09/1983","150031004","2","0.032","ppm","27","24","100.0000","44201","Ozone","26180","Honolulu, HI","15","Hawaii","003","Honolulu","21.3033819","-157.8711711"
"10/10/1983","150031004","2","0.034","ppm","29","24","100.0000","44201","Ozone","26180","Honolulu, HI","15","Hawaii","003","Honolulu","21.3033819","-157.8711711"
"10/11/1983","150031004","2","0.03","ppm","25","24","100.0000","44201","Ozone","26180","Honolulu, HI","15","Hawaii","003","Honolulu","21.3033819","-157.8711711"
"10/12/1983","150031004","2","0.029","ppm","25","24","100.0000","44201","Ozone","26180","Honolulu, HI","15","Hawaii","003","Honolulu","21.3033819","-157.8711711"
"10/13/1983","150031004","2","0.014","ppm","12","24","100.0000","44201","Ozone","26180","Honolulu, HI","15","Hawaii","003","Honolulu","21.3033819","-157.8711711"
"10/14/1983","150031004","2","0.008","ppm","7","24","100.0000","44201","Ozone","26180","Honolulu, HI","15","Hawaii","003","Honolulu","21.3033819","-157.8711711"
"10/15/1983","150031004","2","0.014","ppm","12","24","100.0000","44201","Ozone","26180","Honolulu, HI","15","Hawaii","003","Honolulu","21.3033819","-157.8711711"
"10/16/1983","150031004","2","0.014","ppm","12","24","100.0000","44201","Ozone","26180","Honolulu, HI","15","Hawaii","003","Honolulu","21.3033819","-157.8711711"
"10/17/1983","150031004","2","0.012","ppm","10","24","100.0000","44201","Ozone","26180","Honolulu, HI","15","Hawaii","003","Honolulu","21.3033819","-157.8711711"
"10/18/1983","150031004","2","0.02","ppm","17","24","100.0000","44201","Ozone","26180","Honolulu, HI","15","Hawaii","003","Honolulu","21.3033819","-157.8711711"
"10/19/1983","150031004","2","0.006","ppm","5","24","100.0000","44201","Ozone","26180","Honolulu, HI","15","Hawaii","003","Honolulu","21.3033819","-157.8711711"
"10/20/1983","150031004","2","0.002","ppm","2","24","100.0000","44201","Ozone","26180","Honolulu, HI","15","Hawaii","003","Honolulu","21.3033819","-157.8711711"
"10/21/1983","150031004","2","0.002","ppm","2","24","100.0000","44201","Ozone","26180","Honolulu, HI","15","Hawaii","003","Honolulu","21.3033819","-157.8711711"
"10/22/1983","150031004","2","0.003","ppm","3","24","100.0000","44201","Ozone","26180","Honolulu, HI","15","Hawaii","003","Honolulu","21.3033819","-157.8711711"
"10/23/1983","150031004","2","0.004","ppm","3","19","79.0000","44201","Ozone","26180","Honolulu, HI","15","Hawaii","003","Honolulu","21.3033819","-157.8711711"
"10/26/1983","150031004","2","0.03","ppm","25","24","100.0000","44201","Ozone","26180","Honolulu, HI","15","Hawaii","003","Honolulu","21.3033819","-157.8711711"
"10/27/1983","150031004","2","0.03","ppm","25","24","100.0000","44201","Ozone","26180","Honolulu, HI","15","Hawaii","003","Honolulu","21.3033819","-157.8711711"
"10/28/1983","150031004","2","0.029","ppm","25","24","100.0000","44201","Ozone","26180","Honolulu, HI","15","Hawaii","003","Honolulu","21.3033819","-157.8711711"
"10/29/1983","150031004","2","0.028","ppm","24","24","100.0000","44201","Ozone","26180","Honolulu, HI","15","Hawaii","003","Honolulu","21.3033819","-157.8711711"
"10/30/1983","150031004","2","0.017","ppm","14","24","100.0000","44201","Ozone","26180","Honolulu, HI","15","Hawaii","003","Honolulu","21.3033819","-157.8711711"
"10/31/1983","150031004","2","0.013","ppm","11","24","100.0000","44201","Ozone","26180","Honolulu, HI","15","Hawaii","003","Honolulu","21.3033819","-157.8711711"
"11/01/1983","150031004","2","0.015","ppm","13","24","100.0000","44201","Ozone","26180","Honolulu, HI","15","Hawaii","003","Honolulu","21.3033819","-157.8711711"
"11/02/1983","150031004","2","0.016","ppm","14","24","100.0000","44201","Ozone","26180","Honolulu, HI","15","Hawaii","003","Honolulu","21.3033819","-157.8711711"
"11/03/1983","150031004","2","0.017","ppm","14","24","100.0000","44201","Ozone","26180","Honolulu, HI","15","Hawaii","003","Honolulu","21.3033819","-157.8711711"
"11/04/1983","150031004","2","0.012","ppm","10","24","100.0000","44201","Ozone","26180","Honolulu, HI","15","Hawaii","003","Honolulu","21.3033819","-157.8711711"
"11/05/1983","150031004","2","0.013","ppm","11","24","100.0000","44201","Ozone","26180","Honolulu, HI","15","Hawaii","003","Honolulu","21.3033819","-157.8711711"
"11/06/1983","150031004","2","0.02","ppm","17","24","100.0000","44201","Ozone","26180","Honolulu, HI","15","Hawaii","003","Honolulu","21.3033819","-157.8711711"
"11/07/1983","150031004","2","0.017","ppm","14","24","100.0000","44201","Ozone","26180","Honolulu, HI","15","Hawaii","003","Honolulu","21.3033819","-157.8711711"
"11/08/1983","150031004","2","0.018","ppm","15","24","100.0000","44201","Ozone","26180","Honolulu, HI","15","Hawaii","003","Honolulu","21.3033819","-157.8711711"
"11/09/1983","150031004","2","0.027","ppm","23","24","100.0000","44201","Ozone","26180","Honolulu, HI","15","Hawaii","003","Honolulu","21.3033819","-157.8711711"
"11/10/1983","150031004","2","0.007","ppm","6","24","100.0000","44201","Ozone","26180","Honolulu, HI","15","Hawaii","003","Honolulu","21.3033819","-157.8711711"
"11/11/1983","150031004","2","0.022","ppm","19","24","100.0000","44201","Ozone","26180","Honolulu, HI","15","Hawaii","003","Honolulu","21.3033819","-157.8711711"
"11/12/1983","150031004","2","0.021","ppm","18","24","100.0000","44201","Ozone","26180","Honolulu, HI","15","Hawaii","003","Honolulu","21.3033819","-157.8711711"
"11/13/1983","150031004","2","0.018","ppm","15","24","100.0000","44201","Ozone","26180","Honolulu, HI","15","Hawaii","003","Honolulu","21.3033819","-157.8711711"
"11/14/1983","150031004","2","0.019","ppm","16","24","100.0000","44201","Ozone","26180","Honolulu, HI","15","Hawaii","003","Honolulu","21.3033819","-157.8711711"
"11/15/1983","150031004","2","0.013","ppm","11","24","100.0000","44201","Ozone","26180","Honolulu, HI","15","Hawaii","003","Honolulu","21.3033819","-157.8711711"
"11/16/1983","150031004","2","0.012","ppm","10","24","100.0000","44201","Ozone","26180","Honolulu, HI","15","Hawaii","003","Honolulu","21.3033819","-157.8711711"
"11/17/1983","150031004","2","0.009","ppm","8","24","100.0000","44201","Ozone","26180","Honolulu, HI","15","Hawaii","003","Honolulu","21.3033819","-157.8711711"
"11/18/1983","150031004","2","0.015","ppm","13","24","100.0000","44201","Ozone","26180","Honolulu, HI","15","Hawaii","003","Honolulu","21.3033819","-157.8711711"
"11/19/1983","150031004","2","0.006","ppm","5","24","100.0000","44201","Ozone","26180","Honolulu, HI","15","Hawaii","003","Honolulu","21.3033819","-157.8711711"
"11/20/1983","150031004","2","0.01","ppm","8","24","100.0000","44201","Ozone","26180","Honolulu, HI","15","Hawaii","003","Honolulu","21.3033819","-157.8711711"
"11/21/1983","150031004","2","0.006","ppm","5","24","100.0000","44201","Ozone","26180","Honolulu, HI","15","Hawaii","003","Honolulu","21.3033819","-157.8711711"
"11/22/1983","150031004","2","0.013","ppm","11","24","100.0000","44201","Ozone","26180","Honolulu, HI","15","Hawaii","003","Honolulu","21.3033819","-157.8711711"
"11/23/1983","150031004","2","0.031","ppm","26","24","100.0000","44201","Ozone","26180","Honolulu, HI","15","Hawaii","003","Honolulu","21.3033819","-157.8711711"
"11/24/1983","150031004","2","0.027","ppm","23","24","100.0000","44201","Ozone","26180","Honolulu, HI","15","Hawaii","003","Honolulu","21.3033819","-157.8711711"
"11/25/1983","150031004","2","0.02","ppm","17","24","100.0000","44201","Ozone","26180","Honolulu, HI","15","Hawaii","003","Honolulu","21.3033819","-157.8711711"
"11/26/1983","150031004","2","0.02","ppm","17","24","100.0000","44201","Ozone","26180","Honolulu, HI","15","Hawaii","003","Honolulu","21.3033819","-157.8711711"
"11/27/1983","150031004","2","0.02","ppm","17","24","100.0000","44201","Ozone","26180","Honolulu, HI","15","Hawaii","003","Honolulu","21.3033819","-157.8711711"
"11/28/1983","150031004","2","0.021","ppm","18","24","100.0000","44201","Ozone","26180","Honolulu, HI","15","Hawaii","003","Honolulu","21.3033819","-157.8711711"
"11/29/1983","150031004","2","0.011","ppm","9","24","100.0000","44201","Ozone","26180","Honolulu, HI","15","Hawaii","003","Honolulu","21.3033819","-157.8711711"
"11/30/1983","150031004","2","0.009","ppm","8","24","100.0000","44201","Ozone","26180","Honolulu, HI","15","Hawaii","003","Honolulu","21.3033819","-157.8711711"
"12/01/1983","150031004","2","0.012","ppm","10","24","100.0000","44201","Ozone","26180","Honolulu, HI","15","Hawaii","003","Honolulu","21.3033819","-157.8711711"
"12/03/1983","150031004","2","0.016","ppm","14","24","100.0000","44201","Ozone","26180","Honolulu, HI","15","Hawaii","003","Honolulu","21.3033819","-157.8711711"
"12/04/1983","150031004","2","0.021","ppm","18","24","100.0000","44201","Ozone","26180","Honolulu, HI","15","Hawaii","003","Honolulu","21.3033819","-157.8711711"
"12/05/1983","150031004","2","0.019","ppm","16","24","100.0000","44201","Ozone","26180","Honolulu, HI","15","Hawaii","003","Honolulu","21.3033819","-157.8711711"
"12/06/1983","150031004","2","0.009","ppm","8","24","100.0000","44201","Ozone","26180","Honolulu, HI","15","Hawaii","003","Honolulu","21.3033819","-157.8711711"
"12/07/1983","150031004","2","0.002","ppm","2","24","100.0000","44201","Ozone","26180","Honolulu, HI","15","Hawaii","003","Honolulu","21.3033819","-157.8711711"
"12/10/1983","150031004","2","0.01","ppm","8","24","100.0000","44201","Ozone","26180","Honolulu, HI","15","Hawaii","003","Honolulu","21.3033819","-157.8711711"
"12/11/1983","150031004","2","0.014","ppm","12","24","100.0000","44201","Ozone","26180","Honolulu, HI","15","Hawaii","003","Honolulu","21.3033819","-157.8711711"
"12/12/1983","150031004","2","0.015","ppm","13","24","100.0000","44201","Ozone","26180","Honolulu, HI","15","Hawaii","003","Honolulu","21.3033819","-157.8711711"
"12/13/1983","150031004","2","0.025","ppm","21","20","83.0000","44201","Ozone","26180","Honolulu, HI","15","Hawaii","003","Honolulu","21.3033819","-157.8711711"
"12/14/1983","150031004","2","0.023","ppm","19","22","92.0000","44201","Ozone","26180","Honolulu, HI","15","Hawaii","003","Honolulu","21.3033819","-157.8711711"
"12/15/1983","150031004","2","0.028","ppm","24","24","100.0000","44201","Ozone","26180","Honolulu, HI","15","Hawaii","003","Honolulu","21.3033819","-157.8711711"
"12/16/1983","150031004","2","0.028","ppm","24","24","100.0000","44201","Ozone","26180","Honolulu, HI","15","Hawaii","003","Honolulu","21.3033819","-157.8711711"
"12/17/1983","150031004","2","0.032","ppm","27","23","96.0000","44201","Ozone","26180","Honolulu, HI","15","Hawaii","003","Honolulu","21.3033819","-157.8711711"
"12/18/1983","150031004","2","0.034","ppm","29","23","96.0000","44201","Ozone","26180","Honolulu, HI","15","Hawaii","003","Honolulu","21.3033819","-157.8711711"
"12/19/1983","150031004","2","0.029","ppm","25","19","79.0000","44201","Ozone","26180","Honolulu, HI","15","Hawaii","003","Honolulu","21.3033819","-157.8711711"
"12/20/1983","150031004","2","0.031","ppm","26","23","96.0000","44201","Ozone","26180","Honolulu, HI","15","Hawaii","003","Honolulu","21.3033819","-157.8711711"
"12/21/1983","150031004","2","0.025","ppm","21","24","100.0000","44201","Ozone","26180","Honolulu, HI","15","Hawaii","003","Honolulu","21.3033819","-157.8711711"
"12/22/1983","150031004","2","0.034","ppm","29","24","100.0000","44201","Ozone","26180","Honolulu, HI","15","Hawaii","003","Honolulu","21.3033819","-157.8711711"
"12/23/1983","150031004","2","0.034","ppm","29","24","100.0000","44201","Ozone","26180","Honolulu, HI","15","Hawaii","003","Honolulu","21.3033819","-157.8711711"
"12/24/1983","150031004","2","0.033","ppm","28","24","100.0000","44201","Ozone","26180","Honolulu, HI","15","Hawaii","003","Honolulu","21.3033819","-157.8711711"
"12/25/1983","150031004","2","0.014","ppm","12","24","100.0000","44201","Ozone","26180","Honolulu, HI","15","Hawaii","003","Honolulu","21.3033819","-157.8711711"
"12/26/1983","150031004","2","0.024","ppm","20","24","100.0000","44201","Ozone","26180","Honolulu, HI","15","Hawaii","003","Honolulu","21.3033819","-157.8711711"
"12/27/1983","150031004","2","0.025","ppm","21","24","100.0000","44201","Ozone","26180","Honolulu, HI","15","Hawaii","003","Honolulu","21.3033819","-157.8711711"
"12/28/1983","150031004","2","0.019","ppm","16","24","100.0000","44201","Ozone","26180","Honolulu, HI","15","Hawaii","003","Honolulu","21.3033819","-157.8711711"
"12/29/1983","150031004","2","0.021","ppm","18","24","100.0000","44201","Ozone","26180","Honolulu, HI","15","Hawaii","003","Honolulu","21.3033819","-157.8711711"
"12/30/1983","150031004","2","0.017","ppm","14","24","100.0000","44201","Ozone","26180","Honolulu, HI","15","Hawaii","003","Honolulu","21.3033819","-157.8711711"
"12/31/1983","150031004","2","0.012","ppm","10","19","79.0000","44201","Ozone","26180","Honolulu, HI","15","Hawaii","003","Honolulu","21.3033819","-157.8711711"
